participant,modality,response,response_c,rt,n_exposure,afc_loops,prime,target,pair,trial,loop,final_loop
1001,image,correct,1,1179.984721,6,2,palec,tobyla,palec-tobyla,1,1,not-last
1001,image,correct,1,1183.343451,6,2,dynia,abuset,dynia-abuset,2,1,not-last
1001,image,correct,1,1186.961693,6,2,lalka,abedo,lalka-abedo,3,1,not-last
1001,image,correct,1,1190.443456,6,2,papuga,wema,papuga-wema,4,1,not-last
1001,ortho,correct,1,1193.538076,6,2,mewa,tanek,mewa-tanek,5,1,not-last
1001,ortho,correct,1,1197.495202,6,2,krawat,lazin,krawat-lazin,6,1,not-last
1001,ortho,correct,1,1200.711669,6,2,ziemniak,pekom,ziemniak-pekom,7,1,not-last
1001,image,correct,1,1204.016772,6,2,dzwonek,josta,dzwonek-josta,8,1,not-last
1001,image,correct,1,1206.971732,6,2,wyspa,owiza,wyspa-owiza,9,1,not-last
1001,ortho,correct,1,1210.304419,6,2,oko,sodem,oko-sodem,10,1,not-last
1001,image,correct,1,1213.652461,6,2,torba,lakob,torba-lakob,11,1,not-last
1001,ortho,correct,1,1219.105,6,2,samolot,pakosta,samolot-pakosta,12,1,not-last
1001,image,correct,1,1222.411113,6,2,krowa,nuketo,krowa-nuketo,13,1,not-last
1001,image,correct,1,1225.610318,6,2,foka,nedonim,foka-nedonim,14,1,not-last
1001,image,correct,1,1229.527311,6,2,kaczka,obir,kaczka-obir,15,1,not-last
1001,image,correct,1,1232.359989,6,2,kolano,ostana,kolano-ostana,16,1,not-last
1001,image,correct,1,1235.462493,6,2,lustro,waben,lustro-waben,17,1,not-last
1001,image,correct,1,1238.78141,6,2,winda,debota,winda-debota,18,1,not-last
1001,image,correct,1,1241.86215,6,2,jajko,nalet,jajko-nalet,19,1,not-last
1001,ortho,correct,1,1245.190675,6,2,cytryna,beler,cytryna-beler,20,1,not-last
1001,image,correct,1,1248.785375,6,2,ryba,alo,ryba-alo,21,1,not-last
1001,image,correct,1,1251.661831,6,2,lotnisko,badipret,lotnisko-badipret,22,1,not-last
1001,image,correct,1,1254.678532,6,2,parasol,ota,parasol-ota,23,1,not-last
1001,image,correct,1,1257.730569,6,2,fartuch,izodo,fartuch-izodo,24,1,not-last
1001,image,correct,1,1260.623955,6,2,kapelusz,stotewal,kapelusz-stotewal,25,1,not-last
1001,image,correct,1,1263.702373,6,2,ucho,honisa,ucho-honisa,26,1,not-last
1001,ortho,correct,1,1266.973458,6,2,stopa,uwa,stopa-uwa,27,1,not-last
1001,ortho,correct,1,1269.878226,6,2,butelka,chepra,butelka-chepra,28,1,not-last
1001,ortho,correct,1,1274.64104,6,2,kotwica,ezaja,kotwica-ezaja,29,1,not-last
1001,ortho,correct,1,1277.706055,6,2,zegarek,fena,zegarek-fena,30,1,not-last
1001,ortho,correct,1,1280.983798,6,2,silnik,prelata,silnik-prelata,31,1,not-last
1001,ortho,correct,1,1284.096746,6,2,skarpetka,seranak,skarpetka-seranak,32,1,not-last
1001,ortho,correct,1,1287.248137,6,2,papryka,lalum,papryka-lalum,33,1,not-last
1001,ortho,correct,1,1290.297937,6,2,osa,sawiko,osa-sawiko,34,1,not-last
1001,ortho,correct,1,1295.997302,6,2,cebula,staca,cebula-staca,35,1,not-last
1001,ortho,correct,1,1301.465023,6,2,homar,deba,homar-deba,36,1,not-last
1001,ortho,correct,1,1305.03057,6,2,owca,techar,owca-techar,37,1,not-last
1001,ortho,correct,1,1309.848439,6,2,gazeta,rocepra,gazeta-rocepra,38,1,not-last
1001,ortho,correct,1,1313.230077,6,2,koza,rojon,koza-rojon,39,1,not-last
1001,ortho,correct,1,1316.46827,6,2,indyk,nanoch,indyk-nanoch,40,1,not-last
1001,image,correct,1,1319.456313,6,2,palec,tobyla,palec-tobyla,41,2,last
1001,image,correct,1,1322.498554,6,2,dynia,abuset,dynia-abuset,42,2,last
1001,ortho,correct,1,1325.908366,6,2,mewa,tanek,mewa-tanek,43,2,last
1001,image,correct,1,1329.005016,6,2,lalka,abedo,lalka-abedo,44,2,last
1001,ortho,correct,1,1332.177802,6,2,krawat,lazin,krawat-lazin,45,2,last
1001,ortho,correct,1,1335.334696,6,2,ziemniak,pekom,ziemniak-pekom,46,2,last
1001,ortho,correct,1,1338.102415,6,2,oko,sodem,oko-sodem,47,2,last
1001,image,correct,1,1341.126021,6,2,papuga,wema,papuga-wema,48,2,last
1001,image,correct,1,1343.816186,6,2,dzwonek,josta,dzwonek-josta,49,2,last
1001,image,correct,1,1346.617398,6,2,wyspa,owiza,wyspa-owiza,50,2,last
1001,image,correct,1,1349.650424,6,2,torba,lakob,torba-lakob,51,2,last
1001,image,correct,1,1352.564307,6,2,krowa,nuketo,krowa-nuketo,52,2,last
1001,image,correct,1,1355.249642,6,2,foka,nedonim,foka-nedonim,53,2,last
1001,image,correct,1,1358.148445,6,2,kaczka,obir,kaczka-obir,54,2,last
1001,ortho,correct,1,1360.894544,6,2,samolot,pakosta,samolot-pakosta,55,2,last
1001,image,correct,1,1363.856499,6,2,kolano,ostana,kolano-ostana,56,2,last
1001,image,correct,1,1366.716511,6,2,lustro,waben,lustro-waben,57,2,last
1001,image,correct,1,1369.45334,6,2,winda,debota,winda-debota,58,2,last
1001,ortho,correct,1,1372.647026,6,2,cytryna,beler,cytryna-beler,59,2,last
1001,image,correct,1,1375.665229,6,2,jajko,nalet,jajko-nalet,60,2,last
1001,image,correct,1,1378.800535,6,2,ryba,alo,ryba-alo,61,2,last
1001,image,correct,1,1381.469868,6,2,lotnisko,badipret,lotnisko-badipret,62,2,last
1001,image,correct,1,1384.23787,6,2,parasol,ota,parasol-ota,63,2,last
1001,image,correct,1,1387.118972,6,2,fartuch,izodo,fartuch-izodo,64,2,last
1001,image,correct,1,1390.382562,6,2,kapelusz,stotewal,kapelusz-stotewal,65,2,last
1001,ortho,correct,1,1393.27736,6,2,stopa,uwa,stopa-uwa,66,2,last
1001,ortho,correct,1,1396.616937,6,2,butelka,chepra,butelka-chepra,67,2,last
1001,ortho,correct,1,1400.04612,6,2,kotwica,ezaja,kotwica-ezaja,68,2,last
1001,image,correct,1,1403.262158,6,2,ucho,honisa,ucho-honisa,69,2,last
1001,ortho,correct,1,1406.187996,6,2,zegarek,fena,zegarek-fena,70,2,last
1001,ortho,correct,1,1409.002404,6,2,silnik,prelata,silnik-prelata,71,2,last
1001,ortho,correct,1,1411.933586,6,2,skarpetka,seranak,skarpetka-seranak,72,2,last
1001,ortho,correct,1,1415.066911,6,2,papryka,lalum,papryka-lalum,73,2,last
1001,ortho,correct,1,1417.951579,6,2,osa,sawiko,osa-sawiko,74,2,last
1001,ortho,correct,1,1421.486108,6,2,cebula,staca,cebula-staca,75,2,last
1001,ortho,correct,1,1424.489083,6,2,homar,deba,homar-deba,76,2,last
1001,ortho,correct,1,1427.395233,6,2,owca,techar,owca-techar,77,2,last
1001,ortho,correct,1,1430.585024,6,2,gazeta,rocepra,gazeta-rocepra,78,2,last
1001,ortho,correct,1,1433.661265,6,2,koza,rojon,koza-rojon,79,2,last
1001,ortho,correct,1,1437.052538,6,2,indyk,nanoch,indyk-nanoch,80,2,last
1002,ortho,correct,1,1407.485851,7,3,papryka,deba,papryka-deba,1,1,not-last
1002,ortho,correct,1,1411.788849,7,3,ziemniak,fena,ziemniak-fena,2,1,not-last
1002,ortho,correct,1,1416.946872,7,3,osa,tanek,osa-tanek,3,1,not-last
1002,ortho,correct,1,1420.361814,7,3,owca,sodem,owca-sodem,4,1,not-last
1002,image,correct,1,1424.679409,7,3,ryba,honisa,ryba-honisa,5,1,not-last
1002,image,incorrect,0,1428.037919,7,3,palec,ota,palec-ota,6,1,not-last
1002,image,correct,1,1440.14895,7,3,foka,obir,foka-obir,7,1,not-last
1002,ortho,correct,1,1443.716154,7,3,winda,abuset,winda-abuset,8,1,not-last
1002,image,correct,1,1450.940611,7,3,krawat,ezaja,krawat-ezaja,9,1,not-last
1002,ortho,correct,1,1453.810629,7,3,kotwica,nanoch,kotwica-nanoch,10,1,not-last
1002,ortho,correct,1,1458.704065,7,3,zegarek,staca,zegarek-staca,11,1,not-last
1002,image,correct,1,1461.595795,7,3,cytryna,chepra,cytryna-chepra,12,1,not-last
1002,ortho,correct,1,1465.137455,7,3,fartuch,josta,fartuch-josta,13,1,not-last
1002,ortho,correct,1,1470.463124,7,3,jajko,stotewal,jajko-stotewal,14,1,not-last
1002,image,correct,1,1475.88556,7,3,dynia,nuketo,dynia-nuketo,15,1,not-last
1002,ortho,correct,1,1479.283992,7,3,lotnisko,nedonim,lotnisko-nedonim,16,1,not-last
1002,image,incorrect,0,1483.213379,7,3,butelka,seranak,butelka-seranak,17,1,not-last
1002,ortho,correct,1,1489.85066,7,3,samolot,sawiko,samolot-sawiko,18,1,not-last
1002,ortho,correct,1,1493.202869,7,3,stopa,prelata,stopa-prelata,19,1,not-last
1002,image,correct,1,1500.788578,7,3,skarpetka,pakosta,skarpetka-pakosta,20,1,not-last
1002,image,correct,1,1504.364918,7,3,parasol,lakob,parasol-lakob,21,1,not-last
1002,ortho,correct,1,1507.397265,7,3,kolano,abedo,kolano-abedo,22,1,not-last
1002,image,correct,1,1510.752536,7,3,wyspa,alo,wyspa-alo,23,1,not-last
1002,image,correct,1,1515.141718,7,3,torba,debota,torba-debota,24,1,not-last
1002,image,correct,1,1517.671722,7,3,indyk,pekom,indyk-pekom,25,1,not-last
1002,ortho,correct,1,1522.699905,7,3,koza,lalum,koza-lalum,26,1,not-last
1002,ortho,correct,1,1526.287205,7,3,homar,rocepra,homar-rocepra,27,1,not-last
1002,image,correct,1,1529.528824,7,3,mewa,rojon,mewa-rojon,28,1,not-last
1002,ortho,correct,1,1532.828116,7,3,papuga,badipret,papuga-badipret,29,1,not-last
1002,ortho,correct,1,1540.069065,7,3,lalka,waben,lalka-waben,30,1,not-last
1002,image,correct,1,1544.368012,7,3,ucho,wema,ucho-wema,31,1,not-last
1002,image,correct,1,1547.389373,7,3,krowa,nalet,krowa-nalet,32,1,not-last
1002,ortho,correct,1,1550.242943,7,3,oko,lazin,oko-lazin,33,1,not-last
1002,image,correct,1,1554.028265,7,3,cebula,uwa,cebula-uwa,34,1,not-last
1002,ortho,correct,1,1561.093409,7,3,silnik,techar,silnik-techar,35,1,not-last
1002,ortho,correct,1,1564.432569,7,3,gazeta,beler,gazeta-beler,36,1,not-last
1002,image,correct,1,1567.637228,7,3,lustro,owiza,lustro-owiza,37,1,not-last
1002,image,correct,1,1575.546073,7,3,kapelusz,izodo,kapelusz-izodo,38,1,not-last
1002,image,correct,1,1580.168393,7,3,kaczka,ostana,kaczka-ostana,39,1,not-last
1002,image,correct,1,1583.85983,7,3,dzwonek,tobyla,dzwonek-tobyla,40,1,not-last
1002,ortho,correct,1,1587.240631,7,3,papryka,deba,papryka-deba,41,2,not-last
1002,ortho,correct,1,1591.798583,7,3,ziemniak,fena,ziemniak-fena,42,2,not-last
1002,image,correct,1,1595.692323,7,3,osa,tanek,osa-tanek,43,2,not-last
1002,image,incorrect,0,1598.509863,7,3,owca,sodem,owca-sodem,44,2,not-last
1002,image,correct,1,1601.95615,7,3,ryba,honisa,ryba-honisa,45,2,not-last
1002,ortho,correct,1,1604.624135,7,3,palec,ota,palec-ota,46,2,not-last
1002,ortho,correct,1,1607.981555,7,3,foka,obir,foka-obir,47,2,not-last
1002,ortho,correct,1,1612.541808,7,3,winda,abuset,winda-abuset,48,2,not-last
1002,image,correct,1,1615.480304,7,3,krawat,ezaja,krawat-ezaja,49,2,not-last
1002,image,correct,1,1618.339461,7,3,kotwica,nanoch,kotwica-nanoch,50,2,not-last
1002,ortho,correct,1,1621.552866,7,3,zegarek,staca,zegarek-staca,51,2,not-last
1002,ortho,correct,1,1624.56743,7,3,cytryna,chepra,cytryna-chepra,52,2,not-last
1002,image,correct,1,1628.563306,7,3,fartuch,josta,fartuch-josta,53,2,not-last
1002,image,incorrect,0,1630.961518,7,3,jajko,stotewal,jajko-stotewal,54,2,not-last
1002,ortho,correct,1,1637.912403,7,3,dynia,nuketo,dynia-nuketo,55,2,not-last
1002,image,correct,1,1645.531708,7,3,lotnisko,nedonim,lotnisko-nedonim,56,2,not-last
1002,ortho,correct,1,1648.234041,7,3,butelka,seranak,butelka-seranak,57,2,not-last
1002,image,correct,1,1653.090844,7,3,samolot,sawiko,samolot-sawiko,58,2,not-last
1002,ortho,correct,1,1656.044747,7,3,stopa,prelata,stopa-prelata,59,2,not-last
1002,image,correct,1,1660.916317,7,3,skarpetka,pakosta,skarpetka-pakosta,60,2,not-last
1002,image,correct,1,1664.204784,7,3,parasol,lakob,parasol-lakob,61,2,not-last
1002,image,correct,1,1666.808889,7,3,kolano,abedo,kolano-abedo,62,2,not-last
1002,image,correct,1,1669.854652,7,3,wyspa,alo,wyspa-alo,63,2,not-last
1002,ortho,correct,1,1672.495418,7,3,torba,debota,torba-debota,64,2,not-last
1002,ortho,correct,1,1675.130362,7,3,indyk,pekom,indyk-pekom,65,2,not-last
1002,ortho,correct,1,1678.580436,7,3,koza,lalum,koza-lalum,66,2,not-last
1002,ortho,correct,1,1682.105588,7,3,homar,rocepra,homar-rocepra,67,2,not-last
1002,image,correct,1,1685.522669,7,3,mewa,rojon,mewa-rojon,68,2,not-last
1002,image,correct,1,1688.114605,7,3,papuga,badipret,papuga-badipret,69,2,not-last
1002,ortho,correct,1,1690.884519,7,3,lalka,waben,lalka-waben,70,2,not-last
1002,ortho,correct,1,1693.921248,7,3,ucho,wema,ucho-wema,71,2,not-last
1002,image,correct,1,1698.49758,7,3,krowa,nalet,krowa-nalet,72,2,not-last
1002,ortho,correct,1,1705.009937,7,3,oko,lazin,oko-lazin,73,2,not-last
1002,ortho,correct,1,1708.153213,7,3,cebula,uwa,cebula-uwa,74,2,not-last
1002,ortho,correct,1,1711.069683,7,3,silnik,techar,silnik-techar,75,2,not-last
1002,image,correct,1,1715.499766,7,3,gazeta,beler,gazeta-beler,76,2,not-last
1002,image,correct,1,1720.480795,7,3,lustro,owiza,lustro-owiza,77,2,not-last
1002,ortho,correct,1,1723.645095,7,3,kapelusz,izodo,kapelusz-izodo,78,2,not-last
1002,image,correct,1,1727.142393,7,3,kaczka,ostana,kaczka-ostana,79,2,not-last
1002,image,correct,1,1731.971679,7,3,dzwonek,tobyla,dzwonek-tobyla,80,2,not-last
1002,ortho,correct,1,1734.373407,7,3,papryka,deba,papryka-deba,81,3,last
1002,image,correct,1,1738.936608,7,3,ziemniak,fena,ziemniak-fena,82,3,last
1002,image,correct,1,1742.164682,7,3,osa,tanek,osa-tanek,83,3,last
1002,ortho,correct,1,1745.632684,7,3,owca,sodem,owca-sodem,84,3,last
1002,ortho,correct,1,1749.358836,7,3,ryba,honisa,ryba-honisa,85,3,last
1002,ortho,correct,1,1752.596675,7,3,palec,ota,palec-ota,86,3,last
1002,ortho,correct,1,1756.894379,7,3,foka,obir,foka-obir,87,3,last
1002,ortho,correct,1,1760.507816,7,3,winda,abuset,winda-abuset,88,3,last
1002,image,correct,1,1763.478881,7,3,krawat,ezaja,krawat-ezaja,89,3,last
1002,image,correct,1,1766.425776,7,3,kotwica,nanoch,kotwica-nanoch,90,3,last
1002,ortho,correct,1,1769.341099,7,3,zegarek,staca,zegarek-staca,91,3,last
1002,image,correct,1,1772.750656,7,3,cytryna,chepra,cytryna-chepra,92,3,last
1002,ortho,correct,1,1776.196978,7,3,fartuch,josta,fartuch-josta,93,3,last
1002,ortho,correct,1,1781.210181,7,3,jajko,stotewal,jajko-stotewal,94,3,last
1002,ortho,correct,1,1784.294228,7,3,dynia,nuketo,dynia-nuketo,95,3,last
1002,ortho,correct,1,1789.045511,7,3,lotnisko,nedonim,lotnisko-nedonim,96,3,last
1002,image,correct,1,1792.874012,7,3,butelka,seranak,butelka-seranak,97,3,last
1002,image,correct,1,1795.524709,7,3,samolot,sawiko,samolot-sawiko,98,3,last
1002,ortho,correct,1,1799.528944,7,3,stopa,prelata,stopa-prelata,99,3,last
1002,ortho,correct,1,1803.194131,7,3,skarpetka,pakosta,skarpetka-pakosta,100,3,last
1002,ortho,correct,1,1807.212066,7,3,parasol,lakob,parasol-lakob,101,3,last
1002,ortho,correct,1,1809.644961,7,3,kolano,abedo,kolano-abedo,102,3,last
1002,ortho,correct,1,1812.688645,7,3,wyspa,alo,wyspa-alo,103,3,last
1002,image,correct,1,1816.093701,7,3,torba,debota,torba-debota,104,3,last
1002,ortho,correct,1,1819.476365,7,3,indyk,pekom,indyk-pekom,105,3,last
1002,ortho,correct,1,1822.443408,7,3,koza,lalum,koza-lalum,106,3,last
1002,image,correct,1,1826.057164,7,3,homar,rocepra,homar-rocepra,107,3,last
1002,image,correct,1,1829.919444,7,3,mewa,rojon,mewa-rojon,108,3,last
1002,ortho,correct,1,1833.892668,7,3,papuga,badipret,papuga-badipret,109,3,last
1002,image,correct,1,1837.553796,7,3,lalka,waben,lalka-waben,110,3,last
1002,ortho,correct,1,1840.199011,7,3,ucho,wema,ucho-wema,111,3,last
1002,image,correct,1,1844.288256,7,3,krowa,nalet,krowa-nalet,112,3,last
1002,image,correct,1,1852.629256,7,3,oko,lazin,oko-lazin,113,3,last
1002,image,correct,1,1855.289942,7,3,cebula,uwa,cebula-uwa,114,3,last
1002,image,correct,1,1859.618057,7,3,silnik,techar,silnik-techar,115,3,last
1002,image,correct,1,1862.769603,7,3,gazeta,beler,gazeta-beler,116,3,last
1002,image,correct,1,1867.965622,7,3,lustro,owiza,lustro-owiza,117,3,last
1002,image,correct,1,1872.527196,7,3,kapelusz,izodo,kapelusz-izodo,118,3,last
1002,image,correct,1,1875.358179,7,3,kaczka,ostana,kaczka-ostana,119,3,last
1002,image,correct,1,1878.048441,7,3,dzwonek,tobyla,dzwonek-tobyla,120,3,last
1003,image,correct,1,1151.937234,6,2,palec,tobyla,palec-tobyla,1,1,not-last
1003,image,correct,1,1157.117273,6,2,dynia,abuset,dynia-abuset,2,1,not-last
1003,ortho,correct,1,1160.295887,6,2,mewa,tanek,mewa-tanek,3,1,not-last
1003,ortho,correct,1,1163.965939,6,2,krawat,lazin,krawat-lazin,4,1,not-last
1003,ortho,correct,1,1167.434842,6,2,ziemniak,pekom,ziemniak-pekom,5,1,not-last
1003,image,correct,1,1170.579952,6,2,lalka,abedo,lalka-abedo,6,1,not-last
1003,image,correct,1,1176.750087,6,2,papuga,wema,papuga-wema,7,1,not-last
1003,image,correct,1,1181.386328,6,2,dzwonek,josta,dzwonek-josta,8,1,not-last
1003,image,correct,1,1184.816735,6,2,wyspa,owiza,wyspa-owiza,9,1,not-last
1003,ortho,correct,1,1188.378852,6,2,oko,sodem,oko-sodem,10,1,not-last
1003,image,correct,1,1193.542348,6,2,torba,lakob,torba-lakob,11,1,not-last
1003,image,correct,1,1200.654529,6,2,krowa,nuketo,krowa-nuketo,12,1,not-last
1003,ortho,correct,1,1204.446833,6,2,samolot,pakosta,samolot-pakosta,13,1,not-last
1003,image,correct,1,1209.713765,6,2,foka,nedonim,foka-nedonim,14,1,not-last
1003,image,correct,1,1212.803534,6,2,kaczka,obir,kaczka-obir,15,1,not-last
1003,ortho,correct,1,1220.141498,6,2,cytryna,beler,cytryna-beler,16,1,not-last
1003,ortho,correct,1,1224.024624,6,2,stopa,uwa,stopa-uwa,17,1,not-last
1003,ortho,correct,1,1228.079921,6,2,butelka,chepra,butelka-chepra,18,1,not-last
1003,ortho,correct,1,1232.45566,6,2,kotwica,ezaja,kotwica-ezaja,19,1,not-last
1003,ortho,correct,1,1244.656365,6,2,zegarek,fena,zegarek-fena,20,1,not-last
1003,ortho,correct,1,1247.504012,6,2,silnik,prelata,silnik-prelata,21,1,not-last
1003,image,correct,1,1254.612822,6,2,kolano,ostana,kolano-ostana,22,1,not-last
1003,ortho,correct,1,1258.511991,6,2,skarpetka,seranak,skarpetka-seranak,23,1,not-last
1003,image,correct,1,1263.095686,6,2,lustro,waben,lustro-waben,24,1,not-last
1003,ortho,correct,1,1266.499936,6,2,papryka,lalum,papryka-lalum,25,1,not-last
1003,image,correct,1,1269.612241,6,2,winda,debota,winda-debota,26,1,not-last
1003,image,correct,1,1273.515744,6,2,jajko,nalet,jajko-nalet,27,1,not-last
1003,image,correct,1,1276.953738,6,2,ryba,alo,ryba-alo,28,1,not-last
1003,ortho,correct,1,1279.600478,6,2,osa,sawiko,osa-sawiko,29,1,not-last
1003,ortho,correct,1,1283.771899,6,2,cebula,staca,cebula-staca,30,1,not-last
1003,ortho,correct,1,1287.261577,6,2,homar,deba,homar-deba,31,1,not-last
1003,image,correct,1,1291.06434,6,2,lotnisko,badipret,lotnisko-badipret,32,1,not-last
1003,image,correct,1,1294.657804,6,2,parasol,ota,parasol-ota,33,1,not-last
1003,ortho,correct,1,1298.042119,6,2,owca,techar,owca-techar,34,1,not-last
1003,ortho,correct,1,1302.592867,6,2,gazeta,rocepra,gazeta-rocepra,35,1,not-last
1003,image,correct,1,1306.109939,6,2,fartuch,izodo,fartuch-izodo,36,1,not-last
1003,ortho,correct,1,1309.256042,6,2,koza,rojon,koza-rojon,37,1,not-last
1003,ortho,correct,1,1315.907216,6,2,indyk,nanoch,indyk-nanoch,38,1,not-last
1003,image,correct,1,1319.332552,6,2,kapelusz,stotewal,kapelusz-stotewal,39,1,not-last
1003,image,correct,1,1323.811912,6,2,ucho,honisa,ucho-honisa,40,1,not-last
1003,ortho,correct,1,1328.516269,6,2,mewa,tanek,mewa-tanek,41,2,last
1003,image,correct,1,1332.925537,6,2,palec,tobyla,palec-tobyla,42,2,last
1003,ortho,correct,1,1337.347032,6,2,krawat,lazin,krawat-lazin,43,2,last
1003,image,correct,1,1340.381761,6,2,dynia,abuset,dynia-abuset,44,2,last
1003,ortho,correct,1,1346.270976,6,2,ziemniak,pekom,ziemniak-pekom,45,2,last
1003,ortho,correct,1,1351.109619,6,2,oko,sodem,oko-sodem,46,2,last
1003,image,correct,1,1355.245267,6,2,lalka,abedo,lalka-abedo,47,2,last
1003,image,correct,1,1358.520923,6,2,papuga,wema,papuga-wema,48,2,last
1003,ortho,correct,1,1361.354134,6,2,samolot,pakosta,samolot-pakosta,49,2,last
1003,ortho,correct,1,1365.05308,6,2,cytryna,beler,cytryna-beler,50,2,last
1003,ortho,correct,1,1368.3257,6,2,stopa,uwa,stopa-uwa,51,2,last
1003,ortho,correct,1,1372.108007,6,2,butelka,chepra,butelka-chepra,52,2,last
1003,image,correct,1,1375.192603,6,2,dzwonek,josta,dzwonek-josta,53,2,last
1003,ortho,correct,1,1378.739961,6,2,kotwica,ezaja,kotwica-ezaja,54,2,last
1003,image,correct,1,1382.716878,6,2,wyspa,owiza,wyspa-owiza,55,2,last
1003,image,correct,1,1386.191233,6,2,torba,lakob,torba-lakob,56,2,last
1003,image,correct,1,1390.059503,6,2,krowa,nuketo,krowa-nuketo,57,2,last
1003,ortho,correct,1,1393.170794,6,2,zegarek,fena,zegarek-fena,58,2,last
1003,ortho,correct,1,1396.629326,6,2,silnik,prelata,silnik-prelata,59,2,last
1003,image,correct,1,1401.072576,6,2,foka,nedonim,foka-nedonim,60,2,last
1003,image,correct,1,1404.125213,6,2,kaczka,obir,kaczka-obir,61,2,last
1003,ortho,correct,1,1407.604892,6,2,skarpetka,seranak,skarpetka-seranak,62,2,last
1003,ortho,correct,1,1410.360799,6,2,papryka,lalum,papryka-lalum,63,2,last
1003,image,correct,1,1413.677058,6,2,kolano,ostana,kolano-ostana,64,2,last
1003,image,correct,1,1416.594292,6,2,lustro,waben,lustro-waben,65,2,last
1003,ortho,correct,1,1420.153565,6,2,osa,sawiko,osa-sawiko,66,2,last
1003,image,correct,1,1423.068793,6,2,winda,debota,winda-debota,67,2,last
1003,ortho,correct,1,1428.140601,6,2,cebula,staca,cebula-staca,68,2,last
1003,image,correct,1,1431.067037,6,2,jajko,nalet,jajko-nalet,69,2,last
1003,image,correct,1,1433.731928,6,2,ryba,alo,ryba-alo,70,2,last
1003,image,correct,1,1436.460765,6,2,lotnisko,badipret,lotnisko-badipret,71,2,last
1003,image,correct,1,1439.229807,6,2,parasol,ota,parasol-ota,72,2,last
1003,image,correct,1,1441.543068,6,2,fartuch,izodo,fartuch-izodo,73,2,last
1003,ortho,correct,1,1444.976518,6,2,homar,deba,homar-deba,74,2,last
1003,ortho,correct,1,1450.847141,6,2,owca,techar,owca-techar,75,2,last
1003,ortho,correct,1,1454.591196,6,2,gazeta,rocepra,gazeta-rocepra,76,2,last
1003,ortho,correct,1,1457.761532,6,2,koza,rojon,koza-rojon,77,2,last
1003,image,correct,1,1461.826409,6,2,kapelusz,stotewal,kapelusz-stotewal,78,2,last
1003,ortho,correct,1,1464.955785,6,2,indyk,nanoch,indyk-nanoch,79,2,last
1003,image,correct,1,1468.348393,6,2,ucho,honisa,ucho-honisa,80,2,last
1005,ortho,correct,1,1311.126246,6,2,ziemniak,fena,ziemniak-fena,1,1,not-last
1005,image,correct,1,1316.628814,6,2,foka,obir,foka-obir,2,1,not-last
1005,image,correct,1,1319.391398,6,2,winda,abuset,winda-abuset,3,1,not-last
1005,ortho,correct,1,1322.932149,6,2,osa,tanek,osa-tanek,4,1,not-last
1005,image,correct,1,1326.760371,6,2,ryba,honisa,ryba-honisa,5,1,not-last
1005,ortho,correct,1,1330.081849,6,2,papryka,deba,papryka-deba,6,1,not-last
1005,image,correct,1,1333.261547,6,2,palec,ota,palec-ota,7,1,not-last
1005,ortho,correct,1,1336.846924,6,2,owca,sodem,owca-sodem,8,1,not-last
1005,image,correct,1,1340.377406,6,2,jajko,stotewal,jajko-stotewal,9,1,not-last
1005,ortho,correct,1,1343.77032,6,2,kotwica,nanoch,kotwica-nanoch,10,1,not-last
1005,ortho,correct,1,1346.53256,6,2,krawat,ezaja,krawat-ezaja,11,1,not-last
1005,image,correct,1,1351.012637,6,2,fartuch,josta,fartuch-josta,12,1,not-last
1005,ortho,correct,1,1354.841129,6,2,cytryna,chepra,cytryna-chepra,13,1,not-last
1005,image,correct,1,1357.927809,6,2,dynia,nuketo,dynia-nuketo,14,1,not-last
1005,image,correct,1,1360.82236,6,2,lotnisko,nedonim,lotnisko-nedonim,15,1,not-last
1005,image,correct,1,1364.971942,6,2,torba,debota,torba-debota,16,1,not-last
1005,image,correct,1,1368.656056,6,2,kolano,abedo,kolano-abedo,17,1,not-last
1005,image,correct,1,1371.738214,6,2,wyspa,alo,wyspa-alo,18,1,not-last
1005,image,correct,1,1374.407285,6,2,parasol,lakob,parasol-lakob,19,1,not-last
1005,image,correct,1,1377.273563,6,2,lalka,waben,lalka-waben,20,1,not-last
1005,image,correct,1,1380.587671,6,2,krowa,nalet,krowa-nalet,21,1,not-last
1005,ortho,correct,1,1384.783326,6,2,zegarek,staca,zegarek-staca,22,1,not-last
1005,image,correct,1,1388.898127,6,2,papuga,badipret,papuga-badipret,23,1,not-last
1005,ortho,correct,1,1391.878656,6,2,skarpetka,pakosta,skarpetka-pakosta,24,1,not-last
1005,image,correct,1,1398.297547,6,2,ucho,wema,ucho-wema,25,1,not-last
1005,ortho,correct,1,1401.59408,6,2,butelka,seranak,butelka-seranak,26,1,not-last
1005,ortho,correct,1,1407.343181,6,2,stopa,prelata,stopa-prelata,27,1,not-last
1005,image,correct,1,1412.247619,6,2,dzwonek,tobyla,dzwonek-tobyla,28,1,not-last
1005,image,correct,1,1415.805997,6,2,kapelusz,izodo,kapelusz-izodo,29,1,not-last
1005,image,correct,1,1419.083965,6,2,lustro,owiza,lustro-owiza,30,1,not-last
1005,image,correct,1,1422.240678,6,2,kaczka,ostana,kaczka-ostana,31,1,not-last
1005,ortho,correct,1,1425.235405,6,2,samolot,sawiko,samolot-sawiko,32,1,not-last
1005,ortho,correct,1,1430.292752,6,2,indyk,pekom,indyk-pekom,33,1,not-last
1005,ortho,correct,1,1433.657534,6,2,koza,lalum,koza-lalum,34,1,not-last
1005,ortho,correct,1,1437.97543,6,2,mewa,rojon,mewa-rojon,35,1,not-last
1005,ortho,correct,1,1443.025052,6,2,homar,rocepra,homar-rocepra,36,1,not-last
1005,ortho,correct,1,1447.29191,6,2,silnik,techar,silnik-techar,37,1,not-last
1005,ortho,correct,1,1450.50793,6,2,gazeta,beler,gazeta-beler,38,1,not-last
1005,ortho,correct,1,1454.207645,6,2,oko,lazin,oko-lazin,39,1,not-last
1005,ortho,correct,1,1457.292259,6,2,cebula,uwa,cebula-uwa,40,1,not-last
1005,ortho,correct,1,1461.093022,6,2,ziemniak,fena,ziemniak-fena,41,2,last
1005,image,correct,1,1465.498855,6,2,foka,obir,foka-obir,42,2,last
1005,ortho,correct,1,1468.569201,6,2,osa,tanek,osa-tanek,43,2,last
1005,ortho,correct,1,1472.195476,6,2,papryka,deba,papryka-deba,44,2,last
1005,ortho,correct,1,1475.344452,6,2,owca,sodem,owca-sodem,45,2,last
1005,ortho,correct,1,1482.376885,6,2,kotwica,nanoch,kotwica-nanoch,46,2,last
1005,ortho,correct,1,1484.774524,6,2,krawat,ezaja,krawat-ezaja,47,2,last
1005,ortho,correct,1,1488.060214,6,2,cytryna,chepra,cytryna-chepra,48,2,last
1005,image,correct,1,1491.843537,6,2,winda,abuset,winda-abuset,49,2,last
1005,image,correct,1,1495.229176,6,2,ryba,honisa,ryba-honisa,50,2,last
1005,image,correct,1,1497.692332,6,2,palec,ota,palec-ota,51,2,last
1005,image,correct,1,1500.660458,6,2,jajko,stotewal,jajko-stotewal,52,2,last
1005,image,correct,1,1504.010232,6,2,fartuch,josta,fartuch-josta,53,2,last
1005,image,correct,1,1509.676424,6,2,dynia,nuketo,dynia-nuketo,54,2,last
1005,image,correct,1,1513.893732,6,2,lotnisko,nedonim,lotnisko-nedonim,55,2,last
1005,ortho,correct,1,1531.155024,6,2,zegarek,staca,zegarek-staca,56,2,last
1005,ortho,correct,1,1536.744929,6,2,skarpetka,pakosta,skarpetka-pakosta,57,2,last
1005,image,correct,1,1540.769765,6,2,torba,debota,torba-debota,58,2,last
1005,ortho,correct,1,1543.432609,6,2,butelka,seranak,butelka-seranak,59,2,last
1005,ortho,correct,1,1553.511475,6,2,stopa,prelata,stopa-prelata,60,2,last
1005,image,correct,1,1558.552437,6,2,kolano,abedo,kolano-abedo,61,2,last
1005,image,correct,1,1561.482192,6,2,wyspa,alo,wyspa-alo,62,2,last
1005,ortho,correct,1,1564.206177,6,2,samolot,sawiko,samolot-sawiko,63,2,last
1005,image,correct,1,1568.070409,6,2,parasol,lakob,parasol-lakob,64,2,last
1005,ortho,correct,1,1575.95679,6,2,indyk,pekom,indyk-pekom,65,2,last
1005,image,correct,1,1579.819446,6,2,lalka,waben,lalka-waben,66,2,last
1005,ortho,correct,1,1582.70859,6,2,koza,lalum,koza-lalum,67,2,last
1005,image,correct,1,1585.668862,6,2,krowa,nalet,krowa-nalet,68,2,last
1005,image,correct,1,1588.747071,6,2,papuga,badipret,papuga-badipret,69,2,last
1005,image,correct,1,1591.563656,6,2,ucho,wema,ucho-wema,70,2,last
1005,image,correct,1,1594.081146,6,2,dzwonek,tobyla,dzwonek-tobyla,71,2,last
1005,ortho,correct,1,1597.541186,6,2,mewa,rojon,mewa-rojon,72,2,last
1005,image,correct,1,1600.921872,6,2,kapelusz,izodo,kapelusz-izodo,73,2,last
1005,ortho,correct,1,1603.624613,6,2,homar,rocepra,homar-rocepra,74,2,last
1005,ortho,correct,1,1607.36335,6,2,silnik,techar,silnik-techar,75,2,last
1005,image,correct,1,1610.187564,6,2,lustro,owiza,lustro-owiza,76,2,last
1005,ortho,correct,1,1612.839967,6,2,gazeta,beler,gazeta-beler,77,2,last
1005,ortho,correct,1,1617.664508,6,2,oko,lazin,oko-lazin,78,2,last
1005,image,correct,1,1621.272915,6,2,kaczka,ostana,kaczka-ostana,79,2,last
1005,ortho,correct,1,1627.676893,6,2,cebula,uwa,cebula-uwa,80,2,last
1006,image,correct,1,1934.074512,6,2,foka,obir,foka-obir,1,1,not-last
1006,image,correct,1,1940.020823,6,2,winda,abuset,winda-abuset,2,1,not-last
1006,image,correct,1,1943.466962,6,2,ryba,honisa,ryba-honisa,3,1,not-last
1006,ortho,correct,1,1946.661793,6,2,ziemniak,fena,ziemniak-fena,4,1,not-last
1006,image,correct,1,1950.323816,6,2,palec,ota,palec-ota,5,1,not-last
1006,image,correct,1,1953.669213,6,2,jajko,stotewal,jajko-stotewal,6,1,not-last
1006,ortho,correct,1,1957.170027,6,2,osa,tanek,osa-tanek,7,1,not-last
1006,image,correct,1,1961.225786,6,2,fartuch,josta,fartuch-josta,8,1,not-last
1006,image,correct,1,1964.949092,6,2,dynia,nuketo,dynia-nuketo,9,1,not-last
1006,ortho,correct,1,1969.458881,6,2,papryka,deba,papryka-deba,10,1,not-last
1006,ortho,correct,1,1972.95118,6,2,owca,sodem,owca-sodem,11,1,not-last
1006,ortho,correct,1,1976.900387,6,2,kotwica,nanoch,kotwica-nanoch,12,1,not-last
1006,image,correct,1,1979.82945,6,2,lotnisko,nedonim,lotnisko-nedonim,13,1,not-last
1006,image,correct,1,1983.502211,6,2,torba,debota,torba-debota,14,1,not-last
1006,image,correct,1,1987.465253,6,2,kolano,abedo,kolano-abedo,15,1,not-last
1006,image,correct,1,1990.479024,6,2,wyspa,alo,wyspa-alo,16,1,not-last
1006,image,correct,1,1993.048226,6,2,parasol,lakob,parasol-lakob,17,1,not-last
1006,ortho,correct,1,1996.092101,6,2,krawat,ezaja,krawat-ezaja,18,1,not-last
1006,image,correct,1,1998.893123,6,2,lalka,waben,lalka-waben,19,1,not-last
1006,ortho,correct,1,2007.911331,6,2,cytryna,chepra,cytryna-chepra,20,1,not-last
1006,image,correct,1,2010.839723,6,2,krowa,nalet,krowa-nalet,21,1,not-last
1006,ortho,correct,1,2014.061458,6,2,zegarek,staca,zegarek-staca,22,1,not-last
1006,image,correct,1,2017.421764,6,2,papuga,badipret,papuga-badipret,23,1,not-last
1006,image,correct,1,2020.5831,6,2,ucho,wema,ucho-wema,24,1,not-last
1006,ortho,correct,1,2023.625965,6,2,skarpetka,pakosta,skarpetka-pakosta,25,1,not-last
1006,ortho,correct,1,2026.93799,6,2,butelka,seranak,butelka-seranak,26,1,not-last
1006,image,correct,1,2030.546459,6,2,dzwonek,tobyla,dzwonek-tobyla,27,1,not-last
1006,ortho,correct,1,2033.192213,6,2,stopa,prelata,stopa-prelata,28,1,not-last
1006,image,correct,1,2036.105835,6,2,kapelusz,izodo,kapelusz-izodo,29,1,not-last
1006,image,correct,1,2039.039273,6,2,lustro,owiza,lustro-owiza,30,1,not-last
1006,image,correct,1,2042.206342,6,2,kaczka,ostana,kaczka-ostana,31,1,not-last
1006,ortho,correct,1,2045.428454,6,2,samolot,sawiko,samolot-sawiko,32,1,not-last
1006,ortho,correct,1,2049.408755,6,2,indyk,pekom,indyk-pekom,33,1,not-last
1006,ortho,correct,1,2052.697579,6,2,koza,lalum,koza-lalum,34,1,not-last
1006,ortho,correct,1,2056.518303,6,2,mewa,rojon,mewa-rojon,35,1,not-last
1006,ortho,correct,1,2059.584036,6,2,homar,rocepra,homar-rocepra,36,1,not-last
1006,ortho,correct,1,2063.601529,6,2,silnik,techar,silnik-techar,37,1,not-last
1006,ortho,correct,1,2066.551438,6,2,gazeta,beler,gazeta-beler,38,1,not-last
1006,ortho,correct,1,2070.207162,6,2,oko,lazin,oko-lazin,39,1,not-last
1006,ortho,correct,1,2073.382909,6,2,cebula,uwa,cebula-uwa,40,1,not-last
1006,ortho,correct,1,2075.966939,6,2,ziemniak,fena,ziemniak-fena,41,2,last
1006,ortho,correct,1,2078.619055,6,2,osa,tanek,osa-tanek,42,2,last
1006,ortho,correct,1,2082.521593,6,2,papryka,deba,papryka-deba,43,2,last
1006,ortho,correct,1,2085.250706,6,2,owca,sodem,owca-sodem,44,2,last
1006,image,correct,1,2088.7674,6,2,foka,obir,foka-obir,45,2,last
1006,ortho,correct,1,2091.402445,6,2,kotwica,nanoch,kotwica-nanoch,46,2,last
1006,ortho,correct,1,2094.117455,6,2,krawat,ezaja,krawat-ezaja,47,2,last
1006,ortho,correct,1,2096.688542,6,2,cytryna,chepra,cytryna-chepra,48,2,last
1006,image,correct,1,2099.764755,6,2,winda,abuset,winda-abuset,49,2,last
1006,ortho,correct,1,2102.310703,6,2,zegarek,staca,zegarek-staca,50,2,last
1006,ortho,correct,1,2105.322743,6,2,skarpetka,pakosta,skarpetka-pakosta,51,2,last
1006,image,correct,1,2108.604818,6,2,ryba,honisa,ryba-honisa,52,2,last
1006,ortho,correct,1,2111.227544,6,2,butelka,seranak,butelka-seranak,53,2,last
1006,image,correct,1,2115.356269,6,2,palec,ota,palec-ota,54,2,last
1006,image,correct,1,2117.704448,6,2,jajko,stotewal,jajko-stotewal,55,2,last
1006,image,correct,1,2121.157127,6,2,fartuch,josta,fartuch-josta,56,2,last
1006,ortho,correct,1,2123.774469,6,2,stopa,prelata,stopa-prelata,57,2,last
1006,ortho,correct,1,2128.474466,6,2,samolot,sawiko,samolot-sawiko,58,2,last
1006,ortho,correct,1,2134.192124,6,2,indyk,pekom,indyk-pekom,59,2,last
1006,ortho,correct,1,2136.859044,6,2,koza,lalum,koza-lalum,60,2,last
1006,ortho,correct,1,2141.253162,6,2,mewa,rojon,mewa-rojon,61,2,last
1006,image,correct,1,2144.373902,6,2,dynia,nuketo,dynia-nuketo,62,2,last
1006,ortho,correct,1,2147.279601,6,2,homar,rocepra,homar-rocepra,63,2,last
1006,ortho,correct,1,2150.481941,6,2,silnik,techar,silnik-techar,64,2,last
1006,ortho,correct,1,2153.237764,6,2,gazeta,beler,gazeta-beler,65,2,last
1006,ortho,correct,1,2156.078166,6,2,oko,lazin,oko-lazin,66,2,last
1006,ortho,correct,1,2158.603441,6,2,cebula,uwa,cebula-uwa,67,2,last
1006,image,correct,1,2161.123003,6,2,lotnisko,nedonim,lotnisko-nedonim,68,2,last
1006,image,correct,1,2164.467191,6,2,torba,debota,torba-debota,69,2,last
1006,image,correct,1,2167.569114,6,2,kolano,abedo,kolano-abedo,70,2,last
1006,image,correct,1,2170.300616,6,2,wyspa,alo,wyspa-alo,71,2,last
1006,image,correct,1,2172.450797,6,2,parasol,lakob,parasol-lakob,72,2,last
1006,image,correct,1,2175.25038,6,2,lalka,waben,lalka-waben,73,2,last
1006,image,correct,1,2178.220932,6,2,krowa,nalet,krowa-nalet,74,2,last
1006,image,correct,1,2180.768298,6,2,papuga,badipret,papuga-badipret,75,2,last
1006,image,correct,1,2183.551432,6,2,ucho,wema,ucho-wema,76,2,last
1006,image,correct,1,2186.425654,6,2,dzwonek,tobyla,dzwonek-tobyla,77,2,last
1006,image,correct,1,2189.431532,6,2,kapelusz,izodo,kapelusz-izodo,78,2,last
1006,image,correct,1,2192.108819,6,2,lustro,owiza,lustro-owiza,79,2,last
1006,image,correct,1,2195.23001,6,2,kaczka,ostana,kaczka-ostana,80,2,last
1007,image,correct,1,1435.913855,6,2,palec,tobyla,palec-tobyla,1,1,not-last
1007,ortho,correct,1,1442.939121,6,2,mewa,tanek,mewa-tanek,2,1,not-last
1007,image,correct,1,1453.594249,6,2,dynia,abuset,dynia-abuset,3,1,not-last
1007,image,correct,1,1460.049498,6,2,lalka,abedo,lalka-abedo,4,1,not-last
1007,ortho,correct,1,1465.393181,6,2,krawat,lazin,krawat-lazin,5,1,not-last
1007,ortho,correct,1,1469.35622,6,2,ziemniak,pekom,ziemniak-pekom,6,1,not-last
1007,image,correct,1,1472.966055,6,2,papuga,wema,papuga-wema,7,1,not-last
1007,ortho,correct,1,1476.726475,6,2,oko,sodem,oko-sodem,8,1,not-last
1007,image,correct,1,1481.664101,6,2,dzwonek,josta,dzwonek-josta,9,1,not-last
1007,image,correct,1,1485.591888,6,2,wyspa,owiza,wyspa-owiza,10,1,not-last
1007,ortho,incorrect,0,1489.391778,6,2,samolot,pakosta,samolot-pakosta,11,1,not-last
1007,ortho,correct,1,1504.31459,6,2,cytryna,beler,cytryna-beler,12,1,not-last
1007,ortho,correct,1,1507.147131,6,2,stopa,uwa,stopa-uwa,13,1,not-last
1007,ortho,correct,1,1512.448932,6,2,butelka,chepra,butelka-chepra,14,1,not-last
1007,image,correct,1,1519.475119,6,2,torba,lakob,torba-lakob,15,1,not-last
1007,image,correct,1,1526.61591,6,2,krowa,nuketo,krowa-nuketo,16,1,not-last
1007,ortho,correct,1,1531.051798,6,2,kotwica,ezaja,kotwica-ezaja,17,1,not-last
1007,image,correct,1,1539.256825,6,2,foka,nedonim,foka-nedonim,18,1,not-last
1007,ortho,correct,1,1546.1282,6,2,zegarek,fena,zegarek-fena,19,1,not-last
1007,ortho,correct,1,1549.780227,6,2,silnik,prelata,silnik-prelata,20,1,not-last
1007,image,correct,1,1554.851974,6,2,kaczka,obir,kaczka-obir,21,1,not-last
1007,image,correct,1,1560.018876,6,2,kolano,ostana,kolano-ostana,22,1,not-last
1007,ortho,correct,1,1567.432581,6,2,skarpetka,seranak,skarpetka-seranak,23,1,not-last
1007,ortho,correct,1,1572.744187,6,2,papryka,lalum,papryka-lalum,24,1,not-last
1007,image,correct,1,1578.633584,6,2,lustro,waben,lustro-waben,25,1,not-last
1007,image,correct,1,1582.43467,6,2,winda,debota,winda-debota,26,1,not-last
1007,image,correct,1,1587.602849,6,2,jajko,nalet,jajko-nalet,27,1,not-last
1007,ortho,correct,1,1591.881237,6,2,osa,sawiko,osa-sawiko,28,1,not-last
1007,image,correct,1,1596.858281,6,2,ryba,alo,ryba-alo,29,1,not-last
1007,ortho,correct,1,1600.378835,6,2,cebula,staca,cebula-staca,30,1,not-last
1007,ortho,correct,1,1603.578643,6,2,homar,deba,homar-deba,31,1,not-last
1007,image,correct,1,1608.027633,6,2,lotnisko,badipret,lotnisko-badipret,32,1,not-last
1007,ortho,correct,1,1611.979699,6,2,owca,techar,owca-techar,33,1,not-last
1007,ortho,correct,1,1615.077516,6,2,gazeta,rocepra,gazeta-rocepra,34,1,not-last
1007,ortho,correct,1,1618.763061,6,2,koza,rojon,koza-rojon,35,1,not-last
1007,ortho,correct,1,1621.801921,6,2,indyk,nanoch,indyk-nanoch,36,1,not-last
1007,image,correct,1,1626.075239,6,2,parasol,ota,parasol-ota,37,1,not-last
1007,image,correct,1,1629.457111,6,2,fartuch,izodo,fartuch-izodo,38,1,not-last
1007,image,correct,1,1632.881099,6,2,kapelusz,stotewal,kapelusz-stotewal,39,1,not-last
1007,image,correct,1,1638.005861,6,2,ucho,honisa,ucho-honisa,40,1,not-last
1007,ortho,correct,1,1643.28895,6,2,mewa,tanek,mewa-tanek,41,2,last
1007,ortho,correct,1,1647.677851,6,2,krawat,lazin,krawat-lazin,42,2,last
1007,image,correct,1,1653.610581,6,2,palec,tobyla,palec-tobyla,43,2,last
1007,ortho,correct,1,1658.947236,6,2,ziemniak,pekom,ziemniak-pekom,44,2,last
1007,image,correct,1,1663.358676,6,2,dynia,abuset,dynia-abuset,45,2,last
1007,ortho,correct,1,1669.613282,6,2,oko,sodem,oko-sodem,46,2,last
1007,ortho,correct,1,1674.063953,6,2,samolot,pakosta,samolot-pakosta,47,2,last
1007,image,correct,1,1679.694612,6,2,lalka,abedo,lalka-abedo,48,2,last
1007,ortho,correct,1,1683.890327,6,2,cytryna,beler,cytryna-beler,49,2,last
1007,ortho,correct,1,1687.870464,6,2,stopa,uwa,stopa-uwa,50,2,last
1007,image,correct,1,1691.493125,6,2,papuga,wema,papuga-wema,51,2,last
1007,image,correct,1,1695.538888,6,2,dzwonek,josta,dzwonek-josta,52,2,last
1007,image,correct,1,1698.843851,6,2,wyspa,owiza,wyspa-owiza,53,2,last
1007,image,correct,1,1703.094564,6,2,torba,lakob,torba-lakob,54,2,last
1007,ortho,correct,1,1709.589665,6,2,butelka,chepra,butelka-chepra,55,2,last
1007,image,correct,1,1716.431326,6,2,krowa,nuketo,krowa-nuketo,56,2,last
1007,image,correct,1,1720.571945,6,2,foka,nedonim,foka-nedonim,57,2,last
1007,image,correct,1,1723.958865,6,2,kaczka,obir,kaczka-obir,58,2,last
1007,image,correct,1,1727.757083,6,2,kolano,ostana,kolano-ostana,59,2,last
1007,image,correct,1,1731.443149,6,2,lustro,waben,lustro-waben,60,2,last
1007,image,correct,1,1734.957082,6,2,winda,debota,winda-debota,61,2,last
1007,image,correct,1,1740.275781,6,2,jajko,nalet,jajko-nalet,62,2,last
1007,image,correct,1,1743.482363,6,2,ryba,alo,ryba-alo,63,2,last
1007,image,correct,1,1747.577095,6,2,lotnisko,badipret,lotnisko-badipret,64,2,last
1007,ortho,correct,1,1751.709634,6,2,kotwica,ezaja,kotwica-ezaja,65,2,last
1007,image,correct,1,1759.575376,6,2,parasol,ota,parasol-ota,66,2,last
1007,ortho,correct,1,1762.517939,6,2,zegarek,fena,zegarek-fena,67,2,last
1007,ortho,correct,1,1766.965323,6,2,silnik,prelata,silnik-prelata,68,2,last
1007,image,correct,1,1772.288396,6,2,fartuch,izodo,fartuch-izodo,69,2,last
1007,image,correct,1,1776.729771,6,2,kapelusz,stotewal,kapelusz-stotewal,70,2,last
1007,ortho,correct,1,1780.738232,6,2,skarpetka,seranak,skarpetka-seranak,71,2,last
1007,image,correct,1,1785.032503,6,2,ucho,honisa,ucho-honisa,72,2,last
1007,ortho,correct,1,1789.509396,6,2,papryka,lalum,papryka-lalum,73,2,last
1007,ortho,correct,1,1792.755945,6,2,osa,sawiko,osa-sawiko,74,2,last
1007,ortho,correct,1,1797.241169,6,2,cebula,staca,cebula-staca,75,2,last
1007,ortho,correct,1,1802.073939,6,2,homar,deba,homar-deba,76,2,last
1007,ortho,correct,1,1806.195006,6,2,owca,techar,owca-techar,77,2,last
1007,ortho,correct,1,1809.423188,6,2,gazeta,rocepra,gazeta-rocepra,78,2,last
1007,ortho,correct,1,1813.065982,6,2,koza,rojon,koza-rojon,79,2,last
1007,ortho,correct,1,1817.438507,6,2,indyk,nanoch,indyk-nanoch,80,2,last
1008,image,correct,1,1190.88411,9,5,lustro,ota,lustro-ota,1,1,not-last
1008,image,correct,1,1196.277805,9,5,palec,nedonim,palec-nedonim,2,1,not-last
1008,ortho,correct,1,1199.287895,9,5,cebula,seranak,cebula-seranak,3,1,not-last
1008,image,correct,1,1204.306612,9,5,jajko,ostana,jajko-ostana,4,1,not-last
1008,image,correct,1,1208.420713,9,5,papuga,nuketo,papuga-nuketo,5,1,not-last
1008,ortho,correct,1,1211.955867,9,5,kotwica,deba,kotwica-deba,6,1,not-last
1008,image,correct,1,1216.302871,9,5,winda,badipret,winda-badipret,7,1,not-last
1008,ortho,correct,1,1219.290995,9,5,ziemniak,beler,ziemniak-beler,8,1,not-last
1008,ortho,correct,1,1223.095995,9,5,stopa,pakosta,stopa-pakosta,9,1,not-last
1008,ortho,correct,1,1229.163353,9,5,krawat,lalum,krawat-lalum,10,1,not-last
1008,image,correct,1,1231.826212,9,5,krowa,obir,krowa-obir,11,1,not-last
1008,image,correct,1,1235.210855,9,5,wyspa,lakob,wyspa-lakob,12,1,not-last
1008,image,correct,1,1238.431204,9,5,dzwonek,owiza,dzwonek-owiza,13,1,not-last
1008,ortho,incorrect,0,1243.011205,9,5,gazeta,staca,gazeta-staca,14,1,not-last
1008,ortho,correct,1,1248.146123,9,5,cytryna,uwa,cytryna-uwa,15,1,not-last
1008,image,correct,1,1253.145564,9,5,torba,wema,torba-wema,16,1,not-last
1008,image,correct,1,1255.907283,9,5,ryba,debota,ryba-debota,17,1,not-last
1008,ortho,correct,1,1259.043195,9,5,silnik,sawiko,silnik-sawiko,18,1,not-last
1008,ortho,correct,1,1262.377979,9,5,homar,fena,homar-fena,19,1,not-last
1008,image,correct,1,1267.997687,9,5,lotnisko,nalet,lotnisko-nalet,20,1,not-last
1008,ortho,correct,1,1270.839194,9,5,samolot,sodem,samolot-sodem,21,1,not-last
1008,ortho,correct,1,1274.016119,9,5,osa,lazin,osa-lazin,22,1,not-last
1008,image,correct,1,1278.253705,9,5,lalka,tobyla,lalka-tobyla,23,1,not-last
1008,image,correct,1,1281.369191,9,5,dynia,alo,dynia-alo,24,1,not-last
1008,image,correct,1,1283.681705,9,5,kolano,josta,kolano-josta,25,1,not-last
1008,ortho,correct,1,1287.180354,9,5,zegarek,chepra,zegarek-chepra,26,1,not-last
1008,image,correct,1,1289.840979,9,5,ucho,abuset,ucho-abuset,27,1,not-last
1008,image,correct,1,1292.329516,9,5,foka,stotewal,foka-stotewal,28,1,not-last
1008,image,correct,1,1295.008552,9,5,fartuch,waben,fartuch-waben,29,1,not-last
1008,ortho,correct,1,1297.956425,9,5,butelka,prelata,butelka-prelata,30,1,not-last
1008,image,correct,1,1302.756069,9,5,kapelusz,abedo,kapelusz-abedo,31,1,not-last
1008,ortho,correct,1,1305.973612,9,5,papryka,pekom,papryka-pekom,32,1,not-last
1008,ortho,correct,1,1308.924637,9,5,koza,nanoch,koza-nanoch,33,1,not-last
1008,image,correct,1,1312.518853,9,5,parasol,honisa,parasol-honisa,34,1,not-last
1008,ortho,correct,1,1315.734971,9,5,mewa,ezaja,mewa-ezaja,35,1,not-last
1008,image,correct,1,1318.326242,9,5,kaczka,izodo,kaczka-izodo,36,1,not-last
1008,ortho,correct,1,1320.92459,9,5,skarpetka,techar,skarpetka-techar,37,1,not-last
1008,ortho,correct,1,1324.313949,9,5,oko,rojon,oko-rojon,38,1,not-last
1008,ortho,correct,1,1327.069221,9,5,owca,tanek,owca-tanek,39,1,not-last
1008,ortho,correct,1,1329.934668,9,5,indyk,rocepra,indyk-rocepra,40,1,not-last
1008,image,correct,1,1334.598519,9,5,lustro,ota,lustro-ota,41,2,not-last
1008,image,correct,1,1336.742979,9,5,palec,nedonim,palec-nedonim,42,2,not-last
1008,image,correct,1,1339.103424,9,5,jajko,ostana,jajko-ostana,43,2,not-last
1008,image,correct,1,1342.556325,9,5,papuga,nuketo,papuga-nuketo,44,2,not-last
1008,image,correct,1,1345.205692,9,5,winda,badipret,winda-badipret,45,2,not-last
1008,ortho,correct,1,1347.915189,9,5,cebula,seranak,cebula-seranak,46,2,not-last
1008,image,correct,1,1351.934544,9,5,krowa,obir,krowa-obir,47,2,not-last
1008,ortho,correct,1,1354.226067,9,5,kotwica,deba,kotwica-deba,48,2,not-last
1008,ortho,correct,1,1356.801689,9,5,ziemniak,beler,ziemniak-beler,49,2,not-last
1008,image,correct,1,1359.839254,9,5,wyspa,lakob,wyspa-lakob,50,2,not-last
1008,image,correct,1,1362.502232,9,5,dzwonek,owiza,dzwonek-owiza,51,2,not-last
1008,ortho,correct,1,1365.825036,9,5,stopa,pakosta,stopa-pakosta,52,2,not-last
1008,image,correct,1,1368.517152,9,5,torba,wema,torba-wema,53,2,not-last
1008,ortho,correct,1,1371.469283,9,5,krawat,lalum,krawat-lalum,54,2,not-last
1008,image,correct,1,1377.027807,9,5,ryba,debota,ryba-debota,55,2,not-last
1008,image,correct,1,1380.964009,9,5,lotnisko,nalet,lotnisko-nalet,56,2,not-last
1008,ortho,incorrect,0,1383.397903,9,5,gazeta,staca,gazeta-staca,57,2,not-last
1008,image,correct,1,1388.925916,9,5,lalka,tobyla,lalka-tobyla,58,2,not-last
1008,image,correct,1,1391.651764,9,5,dynia,alo,dynia-alo,59,2,not-last
1008,ortho,correct,1,1394.176561,9,5,cytryna,uwa,cytryna-uwa,60,2,not-last
1008,image,correct,1,1397.714475,9,5,kolano,josta,kolano-josta,61,2,not-last
1008,image,correct,1,1400.466805,9,5,ucho,abuset,ucho-abuset,62,2,not-last
1008,ortho,correct,1,1402.750231,9,5,silnik,sawiko,silnik-sawiko,63,2,not-last
1008,ortho,correct,1,1406.378093,9,5,homar,fena,homar-fena,64,2,not-last
1008,image,correct,1,1408.925257,9,5,foka,stotewal,foka-stotewal,65,2,not-last
1008,ortho,correct,1,1411.430318,9,5,samolot,sodem,samolot-sodem,66,2,not-last
1008,image,correct,1,1414.51171,9,5,fartuch,waben,fartuch-waben,67,2,not-last
1008,ortho,correct,1,1417.618989,9,5,osa,lazin,osa-lazin,68,2,not-last
1008,image,correct,1,1420.791687,9,5,kapelusz,abedo,kapelusz-abedo,69,2,not-last
1008,ortho,correct,1,1423.546418,9,5,zegarek,chepra,zegarek-chepra,70,2,not-last
1008,ortho,correct,1,1426.180845,9,5,butelka,prelata,butelka-prelata,71,2,not-last
1008,image,correct,1,1429.877098,9,5,parasol,honisa,parasol-honisa,72,2,not-last
1008,image,correct,1,1432.675876,9,5,kaczka,izodo,kaczka-izodo,73,2,not-last
1008,ortho,correct,1,1435.297827,9,5,papryka,pekom,papryka-pekom,74,2,not-last
1008,ortho,correct,1,1438.088265,9,5,koza,nanoch,koza-nanoch,75,2,not-last
1008,ortho,correct,1,1440.790412,9,5,mewa,ezaja,mewa-ezaja,76,2,not-last
1008,ortho,correct,1,1443.105214,9,5,skarpetka,techar,skarpetka-techar,77,2,not-last
1008,ortho,correct,1,1446.04377,9,5,oko,rojon,oko-rojon,78,2,not-last
1008,ortho,correct,1,1448.854288,9,5,owca,tanek,owca-tanek,79,2,not-last
1008,ortho,correct,1,1451.79283,9,5,indyk,rocepra,indyk-rocepra,80,2,not-last
1008,image,correct,1,1454.633593,9,5,lustro,ota,lustro-ota,81,3,not-last
1008,image,correct,1,1457.150992,9,5,palec,nedonim,palec-nedonim,82,3,not-last
1008,ortho,correct,1,1459.583278,9,5,cebula,seranak,cebula-seranak,83,3,not-last
1008,ortho,correct,1,1463.904315,9,5,kotwica,deba,kotwica-deba,84,3,not-last
1008,image,incorrect,0,1466.511654,9,5,jajko,ostana,jajko-ostana,85,3,not-last
1008,ortho,correct,1,1470.061408,9,5,ziemniak,beler,ziemniak-beler,86,3,not-last
1008,ortho,correct,1,1474.666994,9,5,stopa,pakosta,stopa-pakosta,87,3,not-last
1008,ortho,correct,1,1479.583132,9,5,krawat,lalum,krawat-lalum,88,3,not-last
1008,image,correct,1,1483.331464,9,5,papuga,nuketo,papuga-nuketo,89,3,not-last
1008,ortho,correct,1,1486.35678,9,5,gazeta,staca,gazeta-staca,90,3,not-last
1008,ortho,correct,1,1489.511925,9,5,cytryna,uwa,cytryna-uwa,91,3,not-last
1008,image,correct,1,1492.149841,9,5,winda,badipret,winda-badipret,92,3,not-last
1008,image,correct,1,1494.688957,9,5,krowa,obir,krowa-obir,93,3,not-last
1008,image,correct,1,1496.953957,9,5,wyspa,lakob,wyspa-lakob,94,3,not-last
1008,image,correct,1,1499.513245,9,5,dzwonek,owiza,dzwonek-owiza,95,3,not-last
1008,image,correct,1,1502.461985,9,5,torba,wema,torba-wema,96,3,not-last
1008,image,correct,1,1505.036392,9,5,ryba,debota,ryba-debota,97,3,not-last
1008,image,correct,1,1507.727565,9,5,lotnisko,nalet,lotnisko-nalet,98,3,not-last
1008,image,correct,1,1510.390466,9,5,lalka,tobyla,lalka-tobyla,99,3,not-last
1008,ortho,correct,1,1513.825885,9,5,silnik,sawiko,silnik-sawiko,100,3,not-last
1008,image,correct,1,1516.68145,9,5,dynia,alo,dynia-alo,101,3,not-last
1008,ortho,correct,1,1519.11878,9,5,homar,fena,homar-fena,102,3,not-last
1008,image,correct,1,1522.022253,9,5,kolano,josta,kolano-josta,103,3,not-last
1008,ortho,correct,1,1524.504126,9,5,samolot,sodem,samolot-sodem,104,3,not-last
1008,image,correct,1,1528.249742,9,5,ucho,abuset,ucho-abuset,105,3,not-last
1008,image,correct,1,1530.700002,9,5,foka,stotewal,foka-stotewal,106,3,not-last
1008,image,correct,1,1533.819336,9,5,fartuch,waben,fartuch-waben,107,3,not-last
1008,ortho,correct,1,1536.702464,9,5,osa,lazin,osa-lazin,108,3,not-last
1008,image,correct,1,1540.297877,9,5,kapelusz,abedo,kapelusz-abedo,109,3,not-last
1008,image,correct,1,1542.762221,9,5,parasol,honisa,parasol-honisa,110,3,not-last
1008,image,correct,1,1545.492521,9,5,kaczka,izodo,kaczka-izodo,111,3,not-last
1008,ortho,correct,1,1548.199208,9,5,zegarek,chepra,zegarek-chepra,112,3,not-last
1008,ortho,correct,1,1550.772066,9,5,butelka,prelata,butelka-prelata,113,3,not-last
1008,ortho,correct,1,1553.95717,9,5,papryka,pekom,papryka-pekom,114,3,not-last
1008,ortho,correct,1,1557.115252,9,5,koza,nanoch,koza-nanoch,115,3,not-last
1008,ortho,correct,1,1559.927661,9,5,mewa,ezaja,mewa-ezaja,116,3,not-last
1008,ortho,correct,1,1562.549325,9,5,skarpetka,techar,skarpetka-techar,117,3,not-last
1008,ortho,correct,1,1565.356692,9,5,oko,rojon,oko-rojon,118,3,not-last
1008,ortho,correct,1,1567.890236,9,5,owca,tanek,owca-tanek,119,3,not-last
1008,ortho,correct,1,1570.660019,9,5,indyk,rocepra,indyk-rocepra,120,3,not-last
1008,image,correct,1,1574.228661,9,5,lustro,ota,lustro-ota,121,4,not-last
1008,image,correct,1,1576.621809,9,5,palec,nedonim,palec-nedonim,122,4,not-last
1008,ortho,correct,1,1579.269002,9,5,cebula,seranak,cebula-seranak,123,4,not-last
1008,ortho,correct,1,1586.159497,9,5,kotwica,deba,kotwica-deba,124,4,not-last
1008,image,correct,1,1588.335571,9,5,jajko,ostana,jajko-ostana,125,4,not-last
1008,image,correct,1,1591.77548,9,5,papuga,nuketo,papuga-nuketo,126,4,not-last
1008,image,correct,1,1594.500166,9,5,winda,badipret,winda-badipret,127,4,not-last
1008,ortho,correct,1,1597.361722,9,5,ziemniak,beler,ziemniak-beler,128,4,not-last
1008,image,correct,1,1602.053359,9,5,krowa,obir,krowa-obir,129,4,not-last
1008,image,correct,1,1604.044208,9,5,wyspa,lakob,wyspa-lakob,130,4,not-last
1008,ortho,correct,1,1606.58459,9,5,stopa,pakosta,stopa-pakosta,131,4,not-last
1008,ortho,correct,1,1609.252454,9,5,krawat,lalum,krawat-lalum,132,4,not-last
1008,image,correct,1,1611.784795,9,5,dzwonek,owiza,dzwonek-owiza,133,4,not-last
1008,ortho,correct,1,1614.476223,9,5,gazeta,staca,gazeta-staca,134,4,not-last
1008,image,correct,1,1617.816463,9,5,torba,wema,torba-wema,135,4,not-last
1008,image,correct,1,1620.634322,9,5,ryba,debota,ryba-debota,136,4,not-last
1008,ortho,correct,1,1623.109853,9,5,cytryna,uwa,cytryna-uwa,137,4,not-last
1008,image,correct,1,1625.949671,9,5,lotnisko,nalet,lotnisko-nalet,138,4,not-last
1008,image,correct,1,1628.61026,9,5,lalka,tobyla,lalka-tobyla,139,4,not-last
1008,ortho,correct,1,1630.845332,9,5,silnik,sawiko,silnik-sawiko,140,4,not-last
1008,image,correct,1,1633.310575,9,5,dynia,alo,dynia-alo,141,4,not-last
1008,image,correct,1,1635.775923,9,5,kolano,josta,kolano-josta,142,4,not-last
1008,ortho,correct,1,1637.916997,9,5,homar,fena,homar-fena,143,4,not-last
1008,ortho,correct,1,1641.641371,9,5,samolot,sodem,samolot-sodem,144,4,not-last
1008,ortho,incorrect,0,1644.031131,9,5,osa,lazin,osa-lazin,145,4,not-last
1008,image,correct,1,1646.97559,9,5,ucho,abuset,ucho-abuset,146,4,not-last
1008,image,correct,1,1649.392784,9,5,foka,stotewal,foka-stotewal,147,4,not-last
1008,ortho,correct,1,1651.803913,9,5,zegarek,chepra,zegarek-chepra,148,4,not-last
1008,ortho,correct,1,1654.560423,9,5,butelka,prelata,butelka-prelata,149,4,not-last
1008,image,correct,1,1657.964554,9,5,fartuch,waben,fartuch-waben,150,4,not-last
1008,ortho,correct,1,1660.404707,9,5,papryka,pekom,papryka-pekom,151,4,not-last
1008,image,correct,1,1663.591809,9,5,kapelusz,abedo,kapelusz-abedo,152,4,not-last
1008,ortho,correct,1,1666.255715,9,5,koza,nanoch,koza-nanoch,153,4,not-last
1008,ortho,correct,1,1669.646091,9,5,mewa,ezaja,mewa-ezaja,154,4,not-last
1008,image,correct,1,1672.016933,9,5,parasol,honisa,parasol-honisa,155,4,not-last
1008,ortho,correct,1,1674.470494,9,5,skarpetka,techar,skarpetka-techar,156,4,not-last
1008,image,correct,1,1679.540813,9,5,kaczka,izodo,kaczka-izodo,157,4,not-last
1008,ortho,correct,1,1682.321408,9,5,oko,rojon,oko-rojon,158,4,not-last
1008,ortho,correct,1,1685.348958,9,5,owca,tanek,owca-tanek,159,4,not-last
1008,ortho,correct,1,1687.871412,9,5,indyk,rocepra,indyk-rocepra,160,4,not-last
1008,image,correct,1,1690.901494,9,5,lustro,ota,lustro-ota,161,5,last
1008,ortho,correct,1,1693.224005,9,5,cebula,seranak,cebula-seranak,162,5,last
1008,ortho,correct,1,1696.52789,9,5,kotwica,deba,kotwica-deba,163,5,last
1008,image,correct,1,1701.608639,9,5,palec,nedonim,palec-nedonim,164,5,last
1008,image,correct,1,1703.829647,9,5,jajko,ostana,jajko-ostana,165,5,last
1008,ortho,correct,1,1706.376714,9,5,ziemniak,beler,ziemniak-beler,166,5,last
1008,ortho,correct,1,1709.264393,9,5,stopa,pakosta,stopa-pakosta,167,5,last
1008,image,correct,1,1715.495044,9,5,papuga,nuketo,papuga-nuketo,168,5,last
1008,ortho,correct,1,1718.791623,9,5,krawat,lalum,krawat-lalum,169,5,last
1008,ortho,correct,1,1724.843468,9,5,gazeta,staca,gazeta-staca,170,5,last
1008,ortho,correct,1,1727.751644,9,5,cytryna,uwa,cytryna-uwa,171,5,last
1008,image,correct,1,1730.810455,9,5,winda,badipret,winda-badipret,172,5,last
1008,ortho,correct,1,1733.306916,9,5,silnik,sawiko,silnik-sawiko,173,5,last
1008,image,correct,1,1735.938374,9,5,krowa,obir,krowa-obir,174,5,last
1008,image,correct,1,1737.916872,9,5,wyspa,lakob,wyspa-lakob,175,5,last
1008,ortho,correct,1,1740.876058,9,5,homar,fena,homar-fena,176,5,last
1008,ortho,correct,1,1743.819304,9,5,samolot,sodem,samolot-sodem,177,5,last
1008,image,correct,1,1746.82674,9,5,dzwonek,owiza,dzwonek-owiza,178,5,last
1008,ortho,correct,1,1749.743247,9,5,osa,lazin,osa-lazin,179,5,last
1008,image,correct,1,1752.613818,9,5,torba,wema,torba-wema,180,5,last
1008,image,correct,1,1755.649786,9,5,ryba,debota,ryba-debota,181,5,last
1008,image,correct,1,1758.144469,9,5,lotnisko,nalet,lotnisko-nalet,182,5,last
1008,image,correct,1,1761.096512,9,5,lalka,tobyla,lalka-tobyla,183,5,last
1008,ortho,correct,1,1763.989699,9,5,zegarek,chepra,zegarek-chepra,184,5,last
1008,ortho,correct,1,1766.957585,9,5,butelka,prelata,butelka-prelata,185,5,last
1008,image,correct,1,1769.899733,9,5,dynia,alo,dynia-alo,186,5,last
1008,image,correct,1,1771.947137,9,5,kolano,josta,kolano-josta,187,5,last
1008,image,correct,1,1774.242335,9,5,ucho,abuset,ucho-abuset,188,5,last
1008,image,correct,1,1777.286162,9,5,foka,stotewal,foka-stotewal,189,5,last
1008,image,correct,1,1779.91114,9,5,fartuch,waben,fartuch-waben,190,5,last
1008,image,correct,1,1782.266257,9,5,kapelusz,abedo,kapelusz-abedo,191,5,last
1008,ortho,correct,1,1784.768547,9,5,papryka,pekom,papryka-pekom,192,5,last
1008,ortho,correct,1,1788.130135,9,5,koza,nanoch,koza-nanoch,193,5,last
1008,ortho,correct,1,1790.877115,9,5,mewa,ezaja,mewa-ezaja,194,5,last
1008,ortho,correct,1,1793.612742,9,5,skarpetka,techar,skarpetka-techar,195,5,last
1008,ortho,correct,1,1796.441272,9,5,oko,rojon,oko-rojon,196,5,last
1008,image,correct,1,1798.978337,9,5,parasol,honisa,parasol-honisa,197,5,last
1008,ortho,correct,1,1801.350682,9,5,owca,tanek,owca-tanek,198,5,last
1008,image,correct,1,1803.886799,9,5,kaczka,izodo,kaczka-izodo,199,5,last
1008,ortho,correct,1,1806.448871,9,5,indyk,rocepra,indyk-rocepra,200,5,last
1009,ortho,correct,1,1165.382953,11,7,mewa,tanek,mewa-tanek,1,1,not-last
1009,ortho,correct,1,1172.94832,11,7,krawat,lazin,krawat-lazin,2,1,not-last
1009,image,correct,1,1177.706136,11,7,palec,tobyla,palec-tobyla,3,1,not-last
1009,image,correct,1,1181.476823,11,7,dynia,abuset,dynia-abuset,4,1,not-last
1009,image,correct,1,1184.928846,11,7,lalka,abedo,lalka-abedo,5,1,not-last
1009,image,correct,1,1188.251369,11,7,papuga,wema,papuga-wema,6,1,not-last
1009,image,correct,1,1191.427721,11,7,dzwonek,josta,dzwonek-josta,7,1,not-last
1009,ortho,incorrect,0,1194.889892,11,7,ziemniak,pekom,ziemniak-pekom,8,1,not-last
1009,ortho,correct,1,1202.162113,11,7,oko,sodem,oko-sodem,9,1,not-last
1009,image,correct,1,1206.520519,11,7,wyspa,owiza,wyspa-owiza,10,1,not-last
1009,ortho,incorrect,0,1210.873692,11,7,samolot,pakosta,samolot-pakosta,11,1,not-last
1009,ortho,incorrect,0,1214.925719,11,7,cytryna,beler,cytryna-beler,12,1,not-last
1009,image,incorrect,0,1218.590165,11,7,torba,lakob,torba-lakob,13,1,not-last
1009,image,correct,1,1221.93585,11,7,krowa,nuketo,krowa-nuketo,14,1,not-last
1009,ortho,incorrect,0,1225.040186,11,7,stopa,uwa,stopa-uwa,15,1,not-last
1009,image,correct,1,1229.373957,11,7,foka,nedonim,foka-nedonim,16,1,not-last
1009,image,correct,1,1231.823704,11,7,kaczka,obir,kaczka-obir,17,1,not-last
1009,ortho,correct,1,1235.095726,11,7,butelka,chepra,butelka-chepra,18,1,not-last
1009,image,correct,1,1239.253976,11,7,kolano,ostana,kolano-ostana,19,1,not-last
1009,image,correct,1,1242.525613,11,7,lustro,waben,lustro-waben,20,1,not-last
1009,ortho,correct,1,1245.823131,11,7,kotwica,ezaja,kotwica-ezaja,21,1,not-last
1009,ortho,correct,1,1248.48102,11,7,zegarek,fena,zegarek-fena,22,1,not-last
1009,ortho,incorrect,0,1253.089295,11,7,silnik,prelata,silnik-prelata,23,1,not-last
1009,ortho,correct,1,1257.902494,11,7,skarpetka,seranak,skarpetka-seranak,24,1,not-last
1009,image,correct,1,1261.887429,11,7,winda,debota,winda-debota,25,1,not-last
1009,ortho,correct,1,1266.560156,11,7,papryka,lalum,papryka-lalum,26,1,not-last
1009,ortho,correct,1,1269.807702,11,7,osa,sawiko,osa-sawiko,27,1,not-last
1009,image,correct,1,1274.218967,11,7,jajko,nalet,jajko-nalet,28,1,not-last
1009,image,correct,1,1276.766797,11,7,ryba,alo,ryba-alo,29,1,not-last
1009,image,correct,1,1279.030856,11,7,lotnisko,badipret,lotnisko-badipret,30,1,not-last
1009,ortho,correct,1,1282.295258,11,7,cebula,staca,cebula-staca,31,1,not-last
1009,image,correct,1,1284.853862,11,7,parasol,ota,parasol-ota,32,1,not-last
1009,ortho,correct,1,1287.944831,11,7,homar,deba,homar-deba,33,1,not-last
1009,ortho,correct,1,1294.279622,11,7,owca,techar,owca-techar,34,1,not-last
1009,image,correct,1,1298.293932,11,7,fartuch,izodo,fartuch-izodo,35,1,not-last
1009,ortho,correct,1,1301.099308,11,7,gazeta,rocepra,gazeta-rocepra,36,1,not-last
1009,ortho,correct,1,1304.109369,11,7,koza,rojon,koza-rojon,37,1,not-last
1009,image,correct,1,1308.910543,11,7,kapelusz,stotewal,kapelusz-stotewal,38,1,not-last
1009,ortho,correct,1,1312.503861,11,7,indyk,nanoch,indyk-nanoch,39,1,not-last
1009,image,correct,1,1315.922188,11,7,ucho,honisa,ucho-honisa,40,1,not-last
1009,ortho,incorrect,0,1318.933106,11,7,mewa,tanek,mewa-tanek,41,2,not-last
1009,image,correct,1,1324.540192,11,7,palec,tobyla,palec-tobyla,42,2,not-last
1009,ortho,correct,1,1327.430399,11,7,krawat,lazin,krawat-lazin,43,2,not-last
1009,image,correct,1,1331.056632,11,7,dynia,abuset,dynia-abuset,44,2,not-last
1009,image,correct,1,1334.039564,11,7,lalka,abedo,lalka-abedo,45,2,not-last
1009,image,correct,1,1337.103988,11,7,papuga,wema,papuga-wema,46,2,not-last
1009,ortho,correct,1,1339.734443,11,7,ziemniak,pekom,ziemniak-pekom,47,2,not-last
1009,image,correct,1,1343.850522,11,7,dzwonek,josta,dzwonek-josta,48,2,not-last
1009,ortho,correct,1,1346.686479,11,7,oko,sodem,oko-sodem,49,2,not-last
1009,ortho,incorrect,0,1351.185272,11,7,samolot,pakosta,samolot-pakosta,50,2,not-last
1009,ortho,correct,1,1355.64026,11,7,cytryna,beler,cytryna-beler,51,2,not-last
1009,image,correct,1,1359.86682,11,7,wyspa,owiza,wyspa-owiza,52,2,not-last
1009,ortho,incorrect,0,1363.830483,11,7,stopa,uwa,stopa-uwa,53,2,not-last
1009,ortho,correct,1,1367.68464,11,7,butelka,chepra,butelka-chepra,54,2,not-last
1009,image,incorrect,0,1371.749704,11,7,torba,lakob,torba-lakob,55,2,not-last
1009,ortho,correct,1,1376.516395,11,7,kotwica,ezaja,kotwica-ezaja,56,2,not-last
1009,image,correct,1,1380.432469,11,7,krowa,nuketo,krowa-nuketo,57,2,not-last
1009,image,correct,1,1383.34951,11,7,foka,nedonim,foka-nedonim,58,2,not-last
1009,ortho,correct,1,1386.00727,11,7,zegarek,fena,zegarek-fena,59,2,not-last
1009,ortho,incorrect,0,1388.894931,11,7,silnik,prelata,silnik-prelata,60,2,not-last
1009,image,correct,1,1394.298148,11,7,kaczka,obir,kaczka-obir,61,2,not-last
1009,image,correct,1,1396.792692,11,7,kolano,ostana,kolano-ostana,62,2,not-last
1009,ortho,correct,1,1399.537657,11,7,skarpetka,seranak,skarpetka-seranak,63,2,not-last
1009,ortho,correct,1,1404.036912,11,7,papryka,lalum,papryka-lalum,64,2,not-last
1009,ortho,correct,1,1406.691634,11,7,osa,sawiko,osa-sawiko,65,2,not-last
1009,ortho,correct,1,1410.147809,11,7,cebula,staca,cebula-staca,66,2,not-last
1009,image,correct,1,1412.865155,11,7,lustro,waben,lustro-waben,67,2,not-last
1009,ortho,correct,1,1415.771753,11,7,homar,deba,homar-deba,68,2,not-last
1009,ortho,correct,1,1420.440703,11,7,owca,techar,owca-techar,69,2,not-last
1009,ortho,incorrect,0,1424.293439,11,7,gazeta,rocepra,gazeta-rocepra,70,2,not-last
1009,image,correct,1,1427.912185,11,7,winda,debota,winda-debota,71,2,not-last
1009,ortho,correct,1,1431.513444,11,7,koza,rojon,koza-rojon,72,2,not-last
1009,image,correct,1,1434.918479,11,7,jajko,nalet,jajko-nalet,73,2,not-last
1009,image,correct,1,1438.229503,11,7,ryba,alo,ryba-alo,74,2,not-last
1009,ortho,correct,1,1440.544656,11,7,indyk,nanoch,indyk-nanoch,75,2,not-last
1009,image,correct,1,1443.899299,11,7,lotnisko,badipret,lotnisko-badipret,76,2,not-last
1009,image,correct,1,1446.654389,11,7,parasol,ota,parasol-ota,77,2,not-last
1009,image,correct,1,1449.410209,11,7,fartuch,izodo,fartuch-izodo,78,2,not-last
1009,image,correct,1,1451.919535,11,7,kapelusz,stotewal,kapelusz-stotewal,79,2,not-last
1009,image,correct,1,1454.692695,11,7,ucho,honisa,ucho-honisa,80,2,not-last
1009,ortho,incorrect,0,1457.61603,11,7,mewa,tanek,mewa-tanek,81,3,not-last
1009,ortho,correct,1,1462.739573,11,7,krawat,lazin,krawat-lazin,82,3,not-last
1009,ortho,incorrect,0,1465.118821,11,7,ziemniak,pekom,ziemniak-pekom,83,3,not-last
1009,ortho,correct,1,1470.026079,11,7,oko,sodem,oko-sodem,84,3,not-last
1009,ortho,correct,1,1472.422885,11,7,samolot,pakosta,samolot-pakosta,85,3,not-last
1009,image,correct,1,1475.749786,11,7,palec,tobyla,palec-tobyla,86,3,not-last
1009,ortho,correct,1,1478.529314,11,7,cytryna,beler,cytryna-beler,87,3,not-last
1009,image,correct,1,1482.733083,11,7,dynia,abuset,dynia-abuset,88,3,not-last
1009,ortho,correct,1,1485.213312,11,7,stopa,uwa,stopa-uwa,89,3,not-last
1009,ortho,correct,1,1489.779535,11,7,butelka,chepra,butelka-chepra,90,3,not-last
1009,image,correct,1,1493.245022,11,7,lalka,abedo,lalka-abedo,91,3,not-last
1009,ortho,correct,1,1496.940723,11,7,kotwica,ezaja,kotwica-ezaja,92,3,not-last
1009,image,correct,1,1501.487207,11,7,papuga,wema,papuga-wema,93,3,not-last
1009,image,correct,1,1503.847145,11,7,dzwonek,josta,dzwonek-josta,94,3,not-last
1009,image,correct,1,1506.515904,11,7,wyspa,owiza,wyspa-owiza,95,3,not-last
1009,ortho,correct,1,1509.535742,11,7,zegarek,fena,zegarek-fena,96,3,not-last
1009,image,correct,1,1512.290524,11,7,torba,lakob,torba-lakob,97,3,not-last
1009,ortho,correct,1,1515.553137,11,7,silnik,prelata,silnik-prelata,98,3,not-last
1009,ortho,correct,1,1519.985386,11,7,skarpetka,seranak,skarpetka-seranak,99,3,not-last
1009,ortho,correct,1,1522.276921,11,7,papryka,lalum,papryka-lalum,100,3,not-last
1009,image,correct,1,1524.97125,11,7,krowa,nuketo,krowa-nuketo,101,3,not-last
1009,image,correct,1,1527.319563,11,7,foka,nedonim,foka-nedonim,102,3,not-last
1009,ortho,correct,1,1529.627765,11,7,osa,sawiko,osa-sawiko,103,3,not-last
1009,ortho,correct,1,1532.800674,11,7,cebula,staca,cebula-staca,104,3,not-last
1009,ortho,correct,1,1535.5874,11,7,homar,deba,homar-deba,105,3,not-last
1009,ortho,correct,1,1539.311979,11,7,owca,techar,owca-techar,106,3,not-last
1009,ortho,correct,1,1542.422535,11,7,gazeta,rocepra,gazeta-rocepra,107,3,not-last
1009,ortho,correct,1,1545.368653,11,7,koza,rojon,koza-rojon,108,3,not-last
1009,ortho,correct,1,1547.567497,11,7,indyk,nanoch,indyk-nanoch,109,3,not-last
1009,image,correct,1,1550.39612,11,7,kaczka,obir,kaczka-obir,110,3,not-last
1009,image,correct,1,1552.663052,11,7,kolano,ostana,kolano-ostana,111,3,not-last
1009,image,correct,1,1555.40037,11,7,lustro,waben,lustro-waben,112,3,not-last
1009,image,correct,1,1558.079277,11,7,winda,debota,winda-debota,113,3,not-last
1009,image,correct,1,1561.241905,11,7,jajko,nalet,jajko-nalet,114,3,not-last
1009,image,correct,1,1563.954595,11,7,ryba,alo,ryba-alo,115,3,not-last
1009,image,correct,1,1565.910224,11,7,lotnisko,badipret,lotnisko-badipret,116,3,not-last
1009,image,correct,1,1568.243263,11,7,parasol,ota,parasol-ota,117,3,not-last
1009,image,correct,1,1570.892459,11,7,fartuch,izodo,fartuch-izodo,118,3,not-last
1009,image,correct,1,1573.584671,11,7,kapelusz,stotewal,kapelusz-stotewal,119,3,not-last
1009,image,correct,1,1576.086524,11,7,ucho,honisa,ucho-honisa,120,3,not-last
1009,ortho,correct,1,1578.621933,11,7,mewa,tanek,mewa-tanek,121,4,not-last
1009,ortho,correct,1,1584.758522,11,7,krawat,lazin,krawat-lazin,122,4,not-last
1009,image,correct,1,1587.632414,11,7,palec,tobyla,palec-tobyla,123,4,not-last
1009,ortho,correct,1,1590.360685,11,7,ziemniak,pekom,ziemniak-pekom,124,4,not-last
1009,image,correct,1,1593.754013,11,7,dynia,abuset,dynia-abuset,125,4,not-last
1009,image,correct,1,1597.011665,11,7,lalka,abedo,lalka-abedo,126,4,not-last
1009,image,correct,1,1599.937862,11,7,papuga,wema,papuga-wema,127,4,not-last
1009,image,correct,1,1602.169539,11,7,dzwonek,josta,dzwonek-josta,128,4,not-last
1009,ortho,incorrect,0,1605.01261,11,7,oko,sodem,oko-sodem,129,4,not-last
1009,image,correct,1,1608.821774,11,7,wyspa,owiza,wyspa-owiza,130,4,not-last
1009,image,correct,1,1612.250377,11,7,torba,lakob,torba-lakob,131,4,not-last
1009,ortho,correct,1,1614.916934,11,7,samolot,pakosta,samolot-pakosta,132,4,not-last
1009,image,correct,1,1619.239504,11,7,krowa,nuketo,krowa-nuketo,133,4,not-last
1009,ortho,correct,1,1621.518746,11,7,cytryna,beler,cytryna-beler,134,4,not-last
1009,image,correct,1,1626.755221,11,7,foka,nedonim,foka-nedonim,135,4,not-last
1009,ortho,correct,1,1629.424126,11,7,stopa,uwa,stopa-uwa,136,4,not-last
1009,ortho,correct,1,1631.993651,11,7,butelka,chepra,butelka-chepra,137,4,not-last
1009,image,correct,1,1635.115641,11,7,kaczka,obir,kaczka-obir,138,4,not-last
1009,image,correct,1,1637.359698,11,7,kolano,ostana,kolano-ostana,139,4,not-last
1009,ortho,correct,1,1640.662701,11,7,kotwica,ezaja,kotwica-ezaja,140,4,not-last
1009,ortho,correct,1,1643.277724,11,7,zegarek,fena,zegarek-fena,141,4,not-last
1009,ortho,incorrect,0,1645.677057,11,7,silnik,prelata,silnik-prelata,142,4,not-last
1009,image,correct,1,1649.226555,11,7,lustro,waben,lustro-waben,143,4,not-last
1009,image,correct,1,1652.297902,11,7,winda,debota,winda-debota,144,4,not-last
1009,image,correct,1,1654.928,11,7,jajko,nalet,jajko-nalet,145,4,not-last
1009,ortho,correct,1,1657.387684,11,7,skarpetka,seranak,skarpetka-seranak,146,4,not-last
1009,ortho,correct,1,1660.505143,11,7,papryka,lalum,papryka-lalum,147,4,not-last
1009,image,correct,1,1663.12523,11,7,ryba,alo,ryba-alo,148,4,not-last
1009,image,correct,1,1665.281182,11,7,lotnisko,badipret,lotnisko-badipret,149,4,not-last
1009,ortho,correct,1,1668.150345,11,7,osa,sawiko,osa-sawiko,150,4,not-last
1009,image,correct,1,1671.085118,11,7,parasol,ota,parasol-ota,151,4,not-last
1009,ortho,correct,1,1673.565418,11,7,cebula,staca,cebula-staca,152,4,not-last
1009,image,correct,1,1676.707564,11,7,fartuch,izodo,fartuch-izodo,153,4,not-last
1009,ortho,correct,1,1679.278395,11,7,homar,deba,homar-deba,154,4,not-last
1009,ortho,correct,1,1682.051584,11,7,owca,techar,owca-techar,155,4,not-last
1009,ortho,correct,1,1684.472789,11,7,gazeta,rocepra,gazeta-rocepra,156,4,not-last
1009,ortho,correct,1,1686.855517,11,7,koza,rojon,koza-rojon,157,4,not-last
1009,image,correct,1,1689.703464,11,7,kapelusz,stotewal,kapelusz-stotewal,158,4,not-last
1009,image,incorrect,0,1692.659654,11,7,ucho,honisa,ucho-honisa,159,4,not-last
1009,ortho,correct,1,1695.883097,11,7,indyk,nanoch,indyk-nanoch,160,4,not-last
1009,ortho,correct,1,1698.848157,11,7,mewa,tanek,mewa-tanek,161,5,not-last
1009,ortho,incorrect,0,1703.796905,11,7,krawat,lazin,krawat-lazin,162,5,not-last
1009,ortho,correct,1,1706.539971,11,7,ziemniak,pekom,ziemniak-pekom,163,5,not-last
1009,image,correct,1,1710.053166,11,7,palec,tobyla,palec-tobyla,164,5,not-last
1009,ortho,correct,1,1712.686352,11,7,oko,sodem,oko-sodem,165,5,not-last
1009,image,correct,1,1715.190672,11,7,dynia,abuset,dynia-abuset,166,5,not-last
1009,image,correct,1,1717.719237,11,7,lalka,abedo,lalka-abedo,167,5,not-last
1009,image,correct,1,1720.871846,11,7,papuga,wema,papuga-wema,168,5,not-last
1009,ortho,correct,1,1722.900654,11,7,samolot,pakosta,samolot-pakosta,169,5,not-last
1009,image,correct,1,1726.478913,11,7,dzwonek,josta,dzwonek-josta,170,5,not-last
1009,image,correct,1,1728.687162,11,7,wyspa,owiza,wyspa-owiza,171,5,not-last
1009,ortho,correct,1,1731.260339,11,7,cytryna,beler,cytryna-beler,172,5,not-last
1009,image,correct,1,1734.989731,11,7,torba,lakob,torba-lakob,173,5,not-last
1009,image,correct,1,1737.527345,11,7,krowa,nuketo,krowa-nuketo,174,5,not-last
1009,ortho,correct,1,1739.884333,11,7,stopa,uwa,stopa-uwa,175,5,not-last
1009,image,correct,1,1742.567004,11,7,foka,nedonim,foka-nedonim,176,5,not-last
1009,ortho,correct,1,1745.242581,11,7,butelka,chepra,butelka-chepra,177,5,not-last
1009,ortho,correct,1,1747.614332,11,7,kotwica,ezaja,kotwica-ezaja,178,5,not-last
1009,ortho,correct,1,1750.262014,11,7,zegarek,fena,zegarek-fena,179,5,not-last
1009,image,correct,1,1752.251371,11,7,kaczka,obir,kaczka-obir,180,5,not-last
1009,ortho,correct,1,1754.311053,11,7,silnik,prelata,silnik-prelata,181,5,not-last
1009,ortho,correct,1,1757.788365,11,7,skarpetka,seranak,skarpetka-seranak,182,5,not-last
1009,image,correct,1,1760.185624,11,7,kolano,ostana,kolano-ostana,183,5,not-last
1009,ortho,correct,1,1762.78939,11,7,papryka,lalum,papryka-lalum,184,5,not-last
1009,image,correct,1,1765.753317,11,7,lustro,waben,lustro-waben,185,5,not-last
1009,image,correct,1,1768.035639,11,7,winda,debota,winda-debota,186,5,not-last
1009,ortho,correct,1,1770.537878,11,7,osa,sawiko,osa-sawiko,187,5,not-last
1009,ortho,correct,1,1773.816043,11,7,cebula,staca,cebula-staca,188,5,not-last
1009,image,correct,1,1776.24616,11,7,jajko,nalet,jajko-nalet,189,5,not-last
1009,image,correct,1,1778.473834,11,7,ryba,alo,ryba-alo,190,5,not-last
1009,image,correct,1,1780.601665,11,7,lotnisko,badipret,lotnisko-badipret,191,5,not-last
1009,ortho,correct,1,1783.706829,11,7,homar,deba,homar-deba,192,5,not-last
1009,image,correct,1,1786.740673,11,7,parasol,ota,parasol-ota,193,5,not-last
1009,image,correct,1,1788.874489,11,7,fartuch,izodo,fartuch-izodo,194,5,not-last
1009,ortho,correct,1,1790.754963,11,7,owca,techar,owca-techar,195,5,not-last
1009,image,correct,1,1794.746138,11,7,kapelusz,stotewal,kapelusz-stotewal,196,5,not-last
1009,ortho,correct,1,1796.777148,11,7,gazeta,rocepra,gazeta-rocepra,197,5,not-last
1009,image,correct,1,1799.349486,11,7,ucho,honisa,ucho-honisa,198,5,not-last
1009,ortho,correct,1,1801.864217,11,7,koza,rojon,koza-rojon,199,5,not-last
1009,ortho,correct,1,1805.399948,11,7,indyk,nanoch,indyk-nanoch,200,5,not-last
1009,image,correct,1,1808.128321,11,7,palec,tobyla,palec-tobyla,201,6,not-last
1009,image,correct,1,1810.800339,11,7,dynia,abuset,dynia-abuset,202,6,not-last
1009,ortho,correct,1,1813.014271,11,7,mewa,tanek,mewa-tanek,203,6,not-last
1009,image,correct,1,1818.26957,11,7,lalka,abedo,lalka-abedo,204,6,not-last
1009,ortho,correct,1,1821.147302,11,7,krawat,lazin,krawat-lazin,205,6,not-last
1009,ortho,correct,1,1823.794934,11,7,ziemniak,pekom,ziemniak-pekom,206,6,not-last
1009,ortho,correct,1,1826.013057,11,7,oko,sodem,oko-sodem,207,6,not-last
1009,image,correct,1,1828.695477,11,7,papuga,wema,papuga-wema,208,6,not-last
1009,image,correct,1,1831.426455,11,7,dzwonek,josta,dzwonek-josta,209,6,not-last
1009,image,correct,1,1833.814561,11,7,wyspa,owiza,wyspa-owiza,210,6,not-last
1009,ortho,incorrect,0,1836.001676,11,7,samolot,pakosta,samolot-pakosta,211,6,not-last
1009,image,correct,1,1840.43555,11,7,torba,lakob,torba-lakob,212,6,not-last
1009,image,correct,1,1843.151324,11,7,krowa,nuketo,krowa-nuketo,213,6,not-last
1009,ortho,correct,1,1845.423554,11,7,cytryna,beler,cytryna-beler,214,6,not-last
1009,ortho,correct,1,1848.732464,11,7,stopa,uwa,stopa-uwa,215,6,not-last
1009,image,correct,1,1851.062108,11,7,foka,nedonim,foka-nedonim,216,6,not-last
1009,ortho,correct,1,1853.26563,11,7,butelka,chepra,butelka-chepra,217,6,not-last
1009,ortho,correct,1,1855.467668,11,7,kotwica,ezaja,kotwica-ezaja,218,6,not-last
1009,ortho,correct,1,1858.006813,11,7,zegarek,fena,zegarek-fena,219,6,not-last
1009,ortho,correct,1,1860.301387,11,7,silnik,prelata,silnik-prelata,220,6,not-last
1009,image,correct,1,1865.224126,11,7,kaczka,obir,kaczka-obir,221,6,not-last
1009,image,correct,1,1867.244424,11,7,kolano,ostana,kolano-ostana,222,6,not-last
1009,ortho,correct,1,1870.429425,11,7,skarpetka,seranak,skarpetka-seranak,223,6,not-last
1009,ortho,correct,1,1872.982502,11,7,papryka,lalum,papryka-lalum,224,6,not-last
1009,image,correct,1,1875.943026,11,7,lustro,waben,lustro-waben,225,6,not-last
1009,image,correct,1,1879.242908,11,7,winda,debota,winda-debota,226,6,not-last
1009,ortho,correct,1,1881.656472,11,7,osa,sawiko,osa-sawiko,227,6,not-last
1009,ortho,correct,1,1883.979786,11,7,cebula,staca,cebula-staca,228,6,not-last
1009,ortho,correct,1,1888.312587,11,7,homar,deba,homar-deba,229,6,not-last
1009,image,correct,1,1891.534589,11,7,jajko,nalet,jajko-nalet,230,6,not-last
1009,image,correct,1,1893.568509,11,7,ryba,alo,ryba-alo,231,6,not-last
1009,image,correct,1,1895.633713,11,7,lotnisko,badipret,lotnisko-badipret,232,6,not-last
1009,ortho,correct,1,1898.148892,11,7,owca,techar,owca-techar,233,6,not-last
1009,image,correct,1,1901.876658,11,7,parasol,ota,parasol-ota,234,6,not-last
1009,image,correct,1,1903.903709,11,7,fartuch,izodo,fartuch-izodo,235,6,not-last
1009,image,correct,1,1905.748851,11,7,kapelusz,stotewal,kapelusz-stotewal,236,6,not-last
1009,image,correct,1,1907.788887,11,7,ucho,honisa,ucho-honisa,237,6,not-last
1009,ortho,correct,1,1910.040904,11,7,gazeta,rocepra,gazeta-rocepra,238,6,not-last
1009,ortho,correct,1,1912.26999,11,7,koza,rojon,koza-rojon,239,6,not-last
1009,ortho,correct,1,1914.832922,11,7,indyk,nanoch,indyk-nanoch,240,6,not-last
1009,image,correct,1,1918.853093,11,7,palec,tobyla,palec-tobyla,241,7,last
1009,ortho,correct,1,1921.75588,11,7,mewa,tanek,mewa-tanek,242,7,last
1009,image,correct,1,1928.160895,11,7,dynia,abuset,dynia-abuset,243,7,last
1009,ortho,correct,1,1930.727363,11,7,krawat,lazin,krawat-lazin,244,7,last
1009,image,correct,1,1934.785455,11,7,lalka,abedo,lalka-abedo,245,7,last
1009,ortho,correct,1,1937.087469,11,7,ziemniak,pekom,ziemniak-pekom,246,7,last
1009,image,correct,1,1940.144171,11,7,papuga,wema,papuga-wema,247,7,last
1009,image,correct,1,1942.227879,11,7,dzwonek,josta,dzwonek-josta,248,7,last
1009,ortho,correct,1,1944.200291,11,7,oko,sodem,oko-sodem,249,7,last
1009,image,correct,1,1946.609237,11,7,wyspa,owiza,wyspa-owiza,250,7,last
1009,image,correct,1,1949.35052,11,7,torba,lakob,torba-lakob,251,7,last
1009,image,correct,1,1951.700244,11,7,krowa,nuketo,krowa-nuketo,252,7,last
1009,ortho,correct,1,1953.781966,11,7,samolot,pakosta,samolot-pakosta,253,7,last
1009,ortho,correct,1,1956.8669,11,7,cytryna,beler,cytryna-beler,254,7,last
1009,image,correct,1,1959.31563,11,7,foka,nedonim,foka-nedonim,255,7,last
1009,ortho,correct,1,1961.547221,11,7,stopa,uwa,stopa-uwa,256,7,last
1009,ortho,correct,1,1963.727619,11,7,butelka,chepra,butelka-chepra,257,7,last
1009,ortho,correct,1,1965.909701,11,7,kotwica,ezaja,kotwica-ezaja,258,7,last
1009,ortho,correct,1,1968.006504,11,7,zegarek,fena,zegarek-fena,259,7,last
1009,ortho,correct,1,1970.342416,11,7,silnik,prelata,silnik-prelata,260,7,last
1009,ortho,correct,1,1973.265042,11,7,skarpetka,seranak,skarpetka-seranak,261,7,last
1009,ortho,correct,1,1975.329693,11,7,papryka,lalum,papryka-lalum,262,7,last
1009,ortho,correct,1,1978.160197,11,7,osa,sawiko,osa-sawiko,263,7,last
1009,ortho,correct,1,1980.551665,11,7,cebula,staca,cebula-staca,264,7,last
1009,image,correct,1,1983.054081,11,7,kaczka,obir,kaczka-obir,265,7,last
1009,image,correct,1,1985.353413,11,7,kolano,ostana,kolano-ostana,266,7,last
1009,image,correct,1,1987.570418,11,7,lustro,waben,lustro-waben,267,7,last
1009,image,correct,1,1990.07798,11,7,winda,debota,winda-debota,268,7,last
1009,ortho,correct,1,1993.485341,11,7,homar,deba,homar-deba,269,7,last
1009,image,correct,1,1996.457554,11,7,jajko,nalet,jajko-nalet,270,7,last
1009,image,correct,1,1998.898591,11,7,ryba,alo,ryba-alo,271,7,last
1009,ortho,correct,1,2001.169322,11,7,owca,techar,owca-techar,272,7,last
1009,image,correct,1,2005.753182,11,7,lotnisko,badipret,lotnisko-badipret,273,7,last
1009,image,correct,1,2008.635588,11,7,parasol,ota,parasol-ota,274,7,last
1009,image,correct,1,2010.66006,11,7,fartuch,izodo,fartuch-izodo,275,7,last
1009,ortho,correct,1,2013.023948,11,7,gazeta,rocepra,gazeta-rocepra,276,7,last
1009,ortho,correct,1,2015.980082,11,7,koza,rojon,koza-rojon,277,7,last
1009,ortho,correct,1,2019.168722,11,7,indyk,nanoch,indyk-nanoch,278,7,last
1009,image,correct,1,2021.953697,11,7,kapelusz,stotewal,kapelusz-stotewal,279,7,last
1009,image,correct,1,2024.487011,11,7,ucho,honisa,ucho-honisa,280,7,last
1010,image,correct,1,1360.119144,7,3,foka,obir,foka-obir,1,1,not-last
1010,image,correct,1,1363.961567,7,3,winda,abuset,winda-abuset,2,1,not-last
1010,image,correct,1,1366.639347,7,3,ryba,honisa,ryba-honisa,3,1,not-last
1010,image,correct,1,1369.185265,7,3,palec,ota,palec-ota,4,1,not-last
1010,ortho,correct,1,1371.804949,7,3,ziemniak,fena,ziemniak-fena,5,1,not-last
1010,ortho,correct,1,1374.543482,7,3,osa,tanek,osa-tanek,6,1,not-last
1010,image,correct,1,1380.298276,7,3,jajko,stotewal,jajko-stotewal,7,1,not-last
1010,image,correct,1,1383.324192,7,3,fartuch,josta,fartuch-josta,8,1,not-last
1010,ortho,correct,1,1388.258488,7,3,papryka,deba,papryka-deba,9,1,not-last
1010,image,correct,1,1391.067624,7,3,dynia,nuketo,dynia-nuketo,10,1,not-last
1010,ortho,correct,1,1393.761788,7,3,owca,sodem,owca-sodem,11,1,not-last
1010,ortho,correct,1,1396.350909,7,3,kotwica,nanoch,kotwica-nanoch,12,1,not-last
1010,ortho,correct,1,1399.292151,7,3,krawat,ezaja,krawat-ezaja,13,1,not-last
1010,ortho,correct,1,1401.94052,7,3,cytryna,chepra,cytryna-chepra,14,1,not-last
1010,image,correct,1,1404.626323,7,3,lotnisko,nedonim,lotnisko-nedonim,15,1,not-last
1010,image,correct,1,1409.192353,7,3,torba,debota,torba-debota,16,1,not-last
1010,ortho,correct,1,1412.022052,7,3,zegarek,staca,zegarek-staca,17,1,not-last
1010,ortho,incorrect,0,1414.863528,7,3,skarpetka,pakosta,skarpetka-pakosta,18,1,not-last
1010,ortho,correct,1,1423.447248,7,3,butelka,seranak,butelka-seranak,19,1,not-last
1010,ortho,correct,1,1427.32004,7,3,stopa,prelata,stopa-prelata,20,1,not-last
1010,ortho,correct,1,1439.991011,7,3,samolot,sawiko,samolot-sawiko,21,1,not-last
1010,image,correct,1,1442.907287,7,3,kolano,abedo,kolano-abedo,22,1,not-last
1010,ortho,correct,1,1446.004917,7,3,indyk,pekom,indyk-pekom,23,1,not-last
1010,image,correct,1,1448.849968,7,3,wyspa,alo,wyspa-alo,24,1,not-last
1010,image,correct,1,1451.017115,7,3,parasol,lakob,parasol-lakob,25,1,not-last
1010,ortho,correct,1,1455.23333,7,3,koza,lalum,koza-lalum,26,1,not-last
1010,image,correct,1,1458.210309,7,3,lalka,waben,lalka-waben,27,1,not-last
1010,ortho,correct,1,1460.900541,7,3,mewa,rojon,mewa-rojon,28,1,not-last
1010,ortho,correct,1,1463.92599,7,3,homar,rocepra,homar-rocepra,29,1,not-last
1010,image,correct,1,1467.084652,7,3,krowa,nalet,krowa-nalet,30,1,not-last
1010,image,correct,1,1470.860468,7,3,papuga,badipret,papuga-badipret,31,1,not-last
1010,image,correct,1,1473.310393,7,3,ucho,wema,ucho-wema,32,1,not-last
1010,ortho,correct,1,1476.198134,7,3,silnik,techar,silnik-techar,33,1,not-last
1010,ortho,correct,1,1478.771716,7,3,gazeta,beler,gazeta-beler,34,1,not-last
1010,image,correct,1,1481.507459,7,3,dzwonek,tobyla,dzwonek-tobyla,35,1,not-last
1010,image,correct,1,1485.269326,7,3,kapelusz,izodo,kapelusz-izodo,36,1,not-last
1010,image,correct,1,1488.104562,7,3,lustro,owiza,lustro-owiza,37,1,not-last
1010,ortho,correct,1,1490.722572,7,3,oko,lazin,oko-lazin,38,1,not-last
1010,image,correct,1,1493.884211,7,3,kaczka,ostana,kaczka-ostana,39,1,not-last
1010,ortho,correct,1,1498.003884,7,3,cebula,uwa,cebula-uwa,40,1,not-last
1010,ortho,incorrect,0,1501.67768,7,3,ziemniak,fena,ziemniak-fena,41,2,not-last
1010,ortho,correct,1,1508.981908,7,3,osa,tanek,osa-tanek,42,2,not-last
1010,ortho,correct,1,1514.129907,7,3,papryka,deba,papryka-deba,43,2,not-last
1010,ortho,correct,1,1517.432241,7,3,owca,sodem,owca-sodem,44,2,not-last
1010,ortho,correct,1,1520.217908,7,3,kotwica,nanoch,kotwica-nanoch,45,2,not-last
1010,ortho,correct,1,1522.607288,7,3,krawat,ezaja,krawat-ezaja,46,2,not-last
1010,image,correct,1,1525.425393,7,3,foka,obir,foka-obir,47,2,not-last
1010,image,correct,1,1528.20386,7,3,winda,abuset,winda-abuset,48,2,not-last
1010,image,correct,1,1531.345318,7,3,ryba,honisa,ryba-honisa,49,2,not-last
1010,image,correct,1,1533.787406,7,3,palec,ota,palec-ota,50,2,not-last
1010,image,correct,1,1536.105165,7,3,jajko,stotewal,jajko-stotewal,51,2,not-last
1010,image,correct,1,1538.576994,7,3,fartuch,josta,fartuch-josta,52,2,not-last
1010,ortho,correct,1,1541.089189,7,3,cytryna,chepra,cytryna-chepra,53,2,not-last
1010,image,correct,1,1543.986009,7,3,dynia,nuketo,dynia-nuketo,54,2,not-last
1010,ortho,correct,1,1546.777245,7,3,zegarek,staca,zegarek-staca,55,2,not-last
1010,ortho,correct,1,1549.599481,7,3,skarpetka,pakosta,skarpetka-pakosta,56,2,not-last
1010,image,correct,1,1570.75798,7,3,lotnisko,nedonim,lotnisko-nedonim,57,2,not-last
1010,ortho,incorrect,0,1573.455334,7,3,butelka,seranak,butelka-seranak,58,2,not-last
1010,ortho,correct,1,1576.602235,7,3,stopa,prelata,stopa-prelata,59,2,not-last
1010,ortho,correct,1,1579.255822,7,3,samolot,sawiko,samolot-sawiko,60,2,not-last
1010,ortho,correct,1,1582.264134,7,3,indyk,pekom,indyk-pekom,61,2,not-last
1010,ortho,correct,1,1585.630995,7,3,koza,lalum,koza-lalum,62,2,not-last
1010,ortho,correct,1,1588.284547,7,3,mewa,rojon,mewa-rojon,63,2,not-last
1010,ortho,correct,1,1591.384285,7,3,homar,rocepra,homar-rocepra,64,2,not-last
1010,ortho,correct,1,1594.002447,7,3,silnik,techar,silnik-techar,65,2,not-last
1010,image,correct,1,1596.326645,7,3,torba,debota,torba-debota,66,2,not-last
1010,ortho,correct,1,1598.675398,7,3,gazeta,beler,gazeta-beler,67,2,not-last
1010,image,correct,1,1601.574007,7,3,kolano,abedo,kolano-abedo,68,2,not-last
1010,image,correct,1,1604.404642,7,3,wyspa,alo,wyspa-alo,69,2,not-last
1010,ortho,correct,1,1606.561867,7,3,oko,lazin,oko-lazin,70,2,not-last
1010,image,correct,1,1608.907083,7,3,parasol,lakob,parasol-lakob,71,2,not-last
1010,image,correct,1,1611.489148,7,3,lalka,waben,lalka-waben,72,2,not-last
1010,image,correct,1,1613.891594,7,3,krowa,nalet,krowa-nalet,73,2,not-last
1010,ortho,correct,1,1616.688978,7,3,cebula,uwa,cebula-uwa,74,2,not-last
1010,image,correct,1,1619.256717,7,3,papuga,badipret,papuga-badipret,75,2,not-last
1010,image,correct,1,1621.537801,7,3,ucho,wema,ucho-wema,76,2,not-last
1010,image,correct,1,1624.451033,7,3,dzwonek,tobyla,dzwonek-tobyla,77,2,not-last
1010,image,correct,1,1627.107516,7,3,kapelusz,izodo,kapelusz-izodo,78,2,not-last
1010,image,correct,1,1629.494005,7,3,lustro,owiza,lustro-owiza,79,2,not-last
1010,image,correct,1,1631.857041,7,3,kaczka,ostana,kaczka-ostana,80,2,not-last
1010,ortho,correct,1,1634.245741,7,3,ziemniak,fena,ziemniak-fena,81,3,last
1010,image,correct,1,1636.596931,7,3,foka,obir,foka-obir,82,3,last
1010,ortho,correct,1,1638.687516,7,3,osa,tanek,osa-tanek,83,3,last
1010,ortho,correct,1,1641.247306,7,3,papryka,deba,papryka-deba,84,3,last
1010,image,correct,1,1643.761647,7,3,winda,abuset,winda-abuset,85,3,last
1010,image,correct,1,1646.476321,7,3,ryba,honisa,ryba-honisa,86,3,last
1010,image,correct,1,1648.888308,7,3,palec,ota,palec-ota,87,3,last
1010,ortho,correct,1,1651.308579,7,3,owca,sodem,owca-sodem,88,3,last
1010,image,correct,1,1654.096089,7,3,jajko,stotewal,jajko-stotewal,89,3,last
1010,ortho,correct,1,1656.632849,7,3,kotwica,nanoch,kotwica-nanoch,90,3,last
1010,ortho,correct,1,1659.056063,7,3,krawat,ezaja,krawat-ezaja,91,3,last
1010,ortho,correct,1,1661.505919,7,3,cytryna,chepra,cytryna-chepra,92,3,last
1010,ortho,correct,1,1664.306301,7,3,zegarek,staca,zegarek-staca,93,3,last
1010,image,correct,1,1666.78275,7,3,fartuch,josta,fartuch-josta,94,3,last
1010,ortho,correct,1,1669.086276,7,3,skarpetka,pakosta,skarpetka-pakosta,95,3,last
1010,ortho,correct,1,1674.65624,7,3,butelka,seranak,butelka-seranak,96,3,last
1010,ortho,correct,1,1678.295555,7,3,stopa,prelata,stopa-prelata,97,3,last
1010,image,correct,1,1682.087698,7,3,dynia,nuketo,dynia-nuketo,98,3,last
1010,image,correct,1,1685.132065,7,3,lotnisko,nedonim,lotnisko-nedonim,99,3,last
1010,image,correct,1,1687.550836,7,3,torba,debota,torba-debota,100,3,last
1010,image,correct,1,1689.997266,7,3,kolano,abedo,kolano-abedo,101,3,last
1010,image,correct,1,1692.619403,7,3,wyspa,alo,wyspa-alo,102,3,last
1010,image,correct,1,1694.62252,7,3,parasol,lakob,parasol-lakob,103,3,last
1010,ortho,correct,1,1697.153349,7,3,samolot,sawiko,samolot-sawiko,104,3,last
1010,ortho,correct,1,1700.148277,7,3,indyk,pekom,indyk-pekom,105,3,last
1010,ortho,correct,1,1702.369794,7,3,koza,lalum,koza-lalum,106,3,last
1010,image,correct,1,1704.719783,7,3,lalka,waben,lalka-waben,107,3,last
1010,ortho,correct,1,1706.86132,7,3,mewa,rojon,mewa-rojon,108,3,last
1010,ortho,correct,1,1709.495342,7,3,homar,rocepra,homar-rocepra,109,3,last
1010,ortho,correct,1,1711.78525,7,3,silnik,techar,silnik-techar,110,3,last
1010,ortho,correct,1,1714.56452,7,3,gazeta,beler,gazeta-beler,111,3,last
1010,ortho,correct,1,1717.78933,7,3,oko,lazin,oko-lazin,112,3,last
1010,image,correct,1,1720.058003,7,3,krowa,nalet,krowa-nalet,113,3,last
1010,image,correct,1,1723.607578,7,3,papuga,badipret,papuga-badipret,114,3,last
1010,ortho,correct,1,1725.71268,7,3,cebula,uwa,cebula-uwa,115,3,last
1010,image,correct,1,1728.120262,7,3,ucho,wema,ucho-wema,116,3,last
1010,image,correct,1,1731.317715,7,3,dzwonek,tobyla,dzwonek-tobyla,117,3,last
1010,image,correct,1,1733.725277,7,3,kapelusz,izodo,kapelusz-izodo,118,3,last
1010,image,correct,1,1735.987561,7,3,lustro,owiza,lustro-owiza,119,3,last
1010,image,correct,1,1738.119001,7,3,kaczka,ostana,kaczka-ostana,120,3,last
1011,ortho,correct,1,1228.570432,7,3,homar,pekom,homar-pekom,1,1,not-last
1011,ortho,correct,1,1236.582257,7,3,cytryna,staca,cytryna-staca,2,1,not-last
1011,ortho,correct,1,1241.201686,7,3,silnik,pakosta,silnik-pakosta,3,1,not-last
1011,ortho,correct,1,1244.855061,7,3,osa,sodem,osa-sodem,4,1,not-last
1011,ortho,correct,1,1248.052174,7,3,stopa,seranak,stopa-seranak,5,1,not-last
1011,ortho,incorrect,0,1252.485079,7,3,cebula,chepra,cebula-chepra,6,1,not-last
1011,image,correct,1,1257.858309,7,3,dynia,badipret,dynia-badipret,7,1,not-last
1011,ortho,correct,1,1260.778555,7,3,mewa,lazin,mewa-lazin,8,1,not-last
1011,image,correct,1,1264.790592,7,3,kapelusz,ostana,kapelusz-ostana,9,1,not-last
1011,image,correct,1,1269.81844,7,3,parasol,alo,parasol-alo,10,1,not-last
1011,ortho,correct,1,1272.275251,7,3,koza,ezaja,koza-ezaja,11,1,not-last
1011,ortho,correct,1,1277.130951,7,3,kotwica,lalum,kotwica-lalum,12,1,not-last
1011,ortho,correct,1,1280.664879,7,3,owca,sawiko,owca-sawiko,13,1,not-last
1011,image,correct,1,1284.169427,7,3,ucho,debota,ucho-debota,14,1,not-last
1011,image,correct,1,1288.902189,7,3,wyspa,ota,wyspa-ota,15,1,not-last
1011,ortho,incorrect,0,1292.676509,7,3,skarpetka,prelata,skarpetka-prelata,16,1,not-last
1011,image,correct,1,1298.742401,7,3,fartuch,abedo,fartuch-abedo,17,1,not-last
1011,ortho,correct,1,1304.398942,7,3,krawat,rojon,krawat-rojon,18,1,not-last
1011,image,correct,1,1307.906053,7,3,kolano,izodo,kolano-izodo,19,1,not-last
1011,image,correct,1,1310.746903,7,3,papuga,abuset,papuga-abuset,20,1,not-last
1011,ortho,correct,1,1314.414014,7,3,zegarek,beler,zegarek-beler,21,1,not-last
1011,image,correct,1,1318.505158,7,3,foka,nalet,foka-nalet,22,1,not-last
1011,ortho,correct,1,1324.830227,7,3,papryka,nanoch,papryka-nanoch,23,1,not-last
1011,image,correct,1,1331.763769,7,3,winda,wema,winda-wema,24,1,not-last
1011,image,correct,1,1334.536177,7,3,kaczka,stotewal,kaczka-stotewal,25,1,not-last
1011,image,correct,1,1337.558704,7,3,lustro,tobyla,lustro-tobyla,26,1,not-last
1011,image,correct,1,1341.244048,7,3,dzwonek,waben,dzwonek-waben,27,1,not-last
1011,ortho,incorrect,0,1344.848547,7,3,gazeta,fena,gazeta-fena,28,1,not-last
1011,ortho,correct,1,1349.837965,7,3,ziemniak,rocepra,ziemniak-rocepra,29,1,not-last
1011,image,correct,1,1355.007819,7,3,krowa,nedonim,krowa-nedonim,30,1,not-last
1011,ortho,correct,1,1358.268149,7,3,indyk,deba,indyk-deba,31,1,not-last
1011,image,correct,1,1361.026381,7,3,ryba,lakob,ryba-lakob,32,1,not-last
1011,image,correct,1,1364.370145,7,3,palec,owiza,palec-owiza,33,1,not-last
1011,ortho,correct,1,1370.074709,7,3,butelka,uwa,butelka-uwa,34,1,not-last
1011,image,correct,1,1373.192714,7,3,torba,honisa,torba-honisa,35,1,not-last
1011,ortho,correct,1,1376.514953,7,3,samolot,techar,samolot-techar,36,1,not-last
1011,image,correct,1,1380.226904,7,3,jajko,obir,jajko-obir,37,1,not-last
1011,ortho,correct,1,1383.181155,7,3,oko,tanek,oko-tanek,38,1,not-last
1011,image,correct,1,1387.090867,7,3,lalka,josta,lalka-josta,39,1,not-last
1011,image,correct,1,1391.138149,7,3,lotnisko,nuketo,lotnisko-nuketo,40,1,not-last
1011,ortho,correct,1,1394.082959,7,3,homar,pekom,homar-pekom,41,2,not-last
1011,image,correct,1,1402.536124,7,3,dynia,badipret,dynia-badipret,42,2,not-last
1011,image,correct,1,1405.639198,7,3,kapelusz,ostana,kapelusz-ostana,43,2,not-last
1011,image,correct,1,1411.131108,7,3,parasol,alo,parasol-alo,44,2,not-last
1011,image,correct,1,1413.805436,7,3,ucho,debota,ucho-debota,45,2,not-last
1011,image,correct,1,1416.620285,7,3,wyspa,ota,wyspa-ota,46,2,not-last
1011,image,correct,1,1418.965461,7,3,fartuch,abedo,fartuch-abedo,47,2,not-last
1011,image,correct,1,1424.18632,7,3,kolano,izodo,kolano-izodo,48,2,not-last
1011,ortho,correct,1,1427.250187,7,3,cytryna,staca,cytryna-staca,49,2,not-last
1011,ortho,correct,1,1430.388466,7,3,silnik,pakosta,silnik-pakosta,50,2,not-last
1011,image,correct,1,1434.180558,7,3,papuga,abuset,papuga-abuset,51,2,not-last
1011,ortho,correct,1,1438.21649,7,3,osa,sodem,osa-sodem,52,2,not-last
1011,image,incorrect,0,1442.470745,7,3,foka,nalet,foka-nalet,53,2,not-last
1011,image,correct,1,1448.571648,7,3,winda,wema,winda-wema,54,2,not-last
1011,ortho,correct,1,1451.091606,7,3,stopa,seranak,stopa-seranak,55,2,not-last
1011,ortho,correct,1,1454.874804,7,3,cebula,chepra,cebula-chepra,56,2,not-last
1011,ortho,correct,1,1462.119382,7,3,mewa,lazin,mewa-lazin,57,2,not-last
1011,image,correct,1,1465.638355,7,3,kaczka,stotewal,kaczka-stotewal,58,2,not-last
1011,ortho,correct,1,1468.042034,7,3,koza,ezaja,koza-ezaja,59,2,not-last
1011,ortho,correct,1,1471.08813,7,3,kotwica,lalum,kotwica-lalum,60,2,not-last
1011,ortho,correct,1,1474.13968,7,3,owca,sawiko,owca-sawiko,61,2,not-last
1011,image,correct,1,1479.697293,7,3,lustro,tobyla,lustro-tobyla,62,2,not-last
1011,ortho,correct,1,1482.849803,7,3,skarpetka,prelata,skarpetka-prelata,63,2,not-last
1011,image,correct,1,1487.566865,7,3,dzwonek,waben,dzwonek-waben,64,2,not-last
1011,image,correct,1,1491.356352,7,3,krowa,nedonim,krowa-nedonim,65,2,not-last
1011,image,correct,1,1495.893971,7,3,ryba,lakob,ryba-lakob,66,2,not-last
1011,image,correct,1,1498.173407,7,3,palec,owiza,palec-owiza,67,2,not-last
1011,image,correct,1,1501.692267,7,3,torba,honisa,torba-honisa,68,2,not-last
1011,image,correct,1,1505.21007,7,3,jajko,obir,jajko-obir,69,2,not-last
1011,image,correct,1,1508.725854,7,3,lalka,josta,lalka-josta,70,2,not-last
1011,image,correct,1,1511.925851,7,3,lotnisko,nuketo,lotnisko-nuketo,71,2,not-last
1011,ortho,correct,1,1515.552793,7,3,krawat,rojon,krawat-rojon,72,2,not-last
1011,ortho,correct,1,1518.83589,7,3,zegarek,beler,zegarek-beler,73,2,not-last
1011,ortho,correct,1,1525.610941,7,3,papryka,nanoch,papryka-nanoch,74,2,not-last
1011,ortho,correct,1,1529.22964,7,3,gazeta,fena,gazeta-fena,75,2,not-last
1011,ortho,correct,1,1532.000851,7,3,ziemniak,rocepra,ziemniak-rocepra,76,2,not-last
1011,ortho,correct,1,1535.570531,7,3,indyk,deba,indyk-deba,77,2,not-last
1011,ortho,correct,1,1539.44358,7,3,butelka,uwa,butelka-uwa,78,2,not-last
1011,ortho,correct,1,1542.306705,7,3,samolot,techar,samolot-techar,79,2,not-last
1011,ortho,correct,1,1545.143682,7,3,oko,tanek,oko-tanek,80,2,not-last
1011,image,correct,1,1549.936045,7,3,dynia,badipret,dynia-badipret,81,3,last
1011,ortho,correct,1,1553.020841,7,3,homar,pekom,homar-pekom,82,3,last
1011,image,correct,1,1556.76674,7,3,kapelusz,ostana,kapelusz-ostana,83,3,last
1011,image,correct,1,1559.68584,7,3,parasol,alo,parasol-alo,84,3,last
1011,ortho,correct,1,1561.952433,7,3,cytryna,staca,cytryna-staca,85,3,last
1011,ortho,correct,1,1566.378955,7,3,silnik,pakosta,silnik-pakosta,86,3,last
1011,ortho,correct,1,1569.394731,7,3,osa,sodem,osa-sodem,87,3,last
1011,image,correct,1,1574.602194,7,3,ucho,debota,ucho-debota,88,3,last
1011,ortho,correct,1,1577.120506,7,3,stopa,seranak,stopa-seranak,89,3,last
1011,image,correct,1,1580.503852,7,3,wyspa,ota,wyspa-ota,90,3,last
1011,image,correct,1,1583.528402,7,3,fartuch,abedo,fartuch-abedo,91,3,last
1011,ortho,correct,1,1588.864932,7,3,cebula,chepra,cebula-chepra,92,3,last
1011,ortho,correct,1,1596.394921,7,3,mewa,lazin,mewa-lazin,93,3,last
1011,image,correct,1,1599.652075,7,3,kolano,izodo,kolano-izodo,94,3,last
1011,ortho,correct,1,1602.969007,7,3,koza,ezaja,koza-ezaja,95,3,last
1011,image,correct,1,1606.060694,7,3,papuga,abuset,papuga-abuset,96,3,last
1011,ortho,correct,1,1609.573518,7,3,kotwica,lalum,kotwica-lalum,97,3,last
1011,ortho,correct,1,1612.743616,7,3,owca,sawiko,owca-sawiko,98,3,last
1011,ortho,correct,1,1616.467334,7,3,skarpetka,prelata,skarpetka-prelata,99,3,last
1011,image,correct,1,1619.699648,7,3,foka,nalet,foka-nalet,100,3,last
1011,image,correct,1,1622.662485,7,3,winda,wema,winda-wema,101,3,last
1011,ortho,correct,1,1626.058917,7,3,krawat,rojon,krawat-rojon,102,3,last
1011,ortho,correct,1,1628.997733,7,3,zegarek,beler,zegarek-beler,103,3,last
1011,image,correct,1,1632.720268,7,3,kaczka,stotewal,kaczka-stotewal,104,3,last
1011,image,correct,1,1635.572131,7,3,lustro,tobyla,lustro-tobyla,105,3,last
1011,image,correct,1,1639.049255,7,3,dzwonek,waben,dzwonek-waben,106,3,last
1011,image,correct,1,1642.214307,7,3,krowa,nedonim,krowa-nedonim,107,3,last
1011,ortho,correct,1,1647.325098,7,3,papryka,nanoch,papryka-nanoch,108,3,last
1011,image,correct,1,1651.120976,7,3,ryba,lakob,ryba-lakob,109,3,last
1011,ortho,correct,1,1654.194757,7,3,gazeta,fena,gazeta-fena,110,3,last
1011,image,correct,1,1658.162811,7,3,palec,owiza,palec-owiza,111,3,last
1011,ortho,correct,1,1661.458394,7,3,ziemniak,rocepra,ziemniak-rocepra,112,3,last
1011,image,correct,1,1665.080532,7,3,torba,honisa,torba-honisa,113,3,last
1011,ortho,correct,1,1668.161263,7,3,ziemniak,fena,ziemniak-fena,114,3,last
1011,ortho,correct,1,1670.683617,7,3,foka,obir,foka-obir,115,3,last
1011,image,correct,1,1673.740262,7,3,osa,tanek,osa-tanek,116,3,last
1011,ortho,correct,1,1676.559291,7,3,papryka,deba,papryka-deba,117,3,last
1011,ortho,correct,1,1681.221497,7,3,owca,sodem,owca-sodem,118,3,last
1011,image,correct,1,1685.142256,7,3,kotwica,nanoch,kotwica-nanoch,119,3,last
1011,image,correct,1,1689.330994,7,3,winda,abuset,winda-abuset,120,3,last
1012,ortho,correct,1,1297.919568,6,2,ziemniak,fena,ziemniak-fena,1,1,not-last
1012,image,correct,1,1303.060229,6,2,foka,obir,foka-obir,2,1,not-last
1012,ortho,correct,1,1305.973862,6,2,osa,tanek,osa-tanek,3,1,not-last
1012,ortho,correct,1,1308.902335,6,2,papryka,deba,papryka-deba,4,1,not-last
1012,ortho,correct,1,1313.263694,6,2,owca,sodem,owca-sodem,5,1,not-last
1012,ortho,correct,1,1317.368369,6,2,kotwica,nanoch,kotwica-nanoch,6,1,not-last
1012,image,correct,1,1321.441828,6,2,winda,abuset,winda-abuset,7,1,not-last
1012,image,correct,1,1324.215123,6,2,ryba,honisa,ryba-honisa,8,1,not-last
1012,ortho,correct,1,1326.797367,6,2,krawat,ezaja,krawat-ezaja,9,1,not-last
1012,ortho,correct,1,1330.53443,6,2,cytryna,chepra,cytryna-chepra,10,1,not-last
1012,image,correct,1,1334.355433,6,2,palec,ota,palec-ota,11,1,not-last
1012,ortho,correct,1,1336.974287,6,2,zegarek,staca,zegarek-staca,12,1,not-last
1012,ortho,correct,1,1340.526788,6,2,skarpetka,pakosta,skarpetka-pakosta,13,1,not-last
1012,image,correct,1,1347.398383,6,2,jajko,stotewal,jajko-stotewal,14,1,not-last
1012,image,correct,1,1350.940961,6,2,fartuch,josta,fartuch-josta,15,1,not-last
1012,image,correct,1,1353.515791,6,2,dynia,nuketo,dynia-nuketo,16,1,not-last
1012,ortho,correct,1,1357.013518,6,2,butelka,seranak,butelka-seranak,17,1,not-last
1012,image,correct,1,1362.620805,6,2,lotnisko,nedonim,lotnisko-nedonim,18,1,not-last
1012,image,correct,1,1365.58173,6,2,torba,debota,torba-debota,19,1,not-last
1012,ortho,correct,1,1368.886807,6,2,stopa,prelata,stopa-prelata,20,1,not-last
1012,ortho,correct,1,1373.348548,6,2,samolot,sawiko,samolot-sawiko,21,1,not-last
1012,ortho,correct,1,1379.43187,6,2,indyk,pekom,indyk-pekom,22,1,not-last
1012,image,correct,1,1384.600594,6,2,kolano,abedo,kolano-abedo,23,1,not-last
1012,ortho,correct,1,1388.61529,6,2,koza,lalum,koza-lalum,24,1,not-last
1012,image,correct,1,1391.385842,6,2,wyspa,alo,wyspa-alo,25,1,not-last
1012,image,correct,1,1394.532417,6,2,parasol,lakob,parasol-lakob,26,1,not-last
1012,image,correct,1,1397.729739,6,2,lalka,waben,lalka-waben,27,1,not-last
1012,image,incorrect,0,1401.326661,6,2,krowa,nalet,krowa-nalet,28,1,not-last
1012,image,correct,1,1410.556672,6,2,papuga,badipret,papuga-badipret,29,1,not-last
1012,ortho,correct,1,1413.110738,6,2,mewa,rojon,mewa-rojon,30,1,not-last
1012,image,correct,1,1418.291571,6,2,ucho,wema,ucho-wema,31,1,not-last
1012,image,correct,1,1423.980388,6,2,dzwonek,tobyla,dzwonek-tobyla,32,1,not-last
1012,image,correct,1,1427.574665,6,2,kapelusz,izodo,kapelusz-izodo,33,1,not-last
1012,ortho,correct,1,1430.718466,6,2,homar,rocepra,homar-rocepra,34,1,not-last
1012,image,correct,1,1438.439982,6,2,lustro,owiza,lustro-owiza,35,1,not-last
1012,image,correct,1,1441.759156,6,2,kaczka,ostana,kaczka-ostana,36,1,not-last
1012,ortho,correct,1,1445.158642,6,2,silnik,techar,silnik-techar,37,1,not-last
1012,ortho,correct,1,1448.156394,6,2,gazeta,beler,gazeta-beler,38,1,not-last
1012,ortho,correct,1,1450.75555,6,2,oko,lazin,oko-lazin,39,1,not-last
1012,ortho,correct,1,1453.7567,6,2,cebula,uwa,cebula-uwa,40,1,not-last
1012,ortho,correct,1,1457.61804,6,2,ziemniak,fena,ziemniak-fena,41,2,last
1012,image,correct,1,1463.865059,6,2,foka,obir,foka-obir,42,2,last
1012,ortho,correct,1,1466.391289,6,2,osa,tanek,osa-tanek,43,2,last
1012,ortho,correct,1,1469.763935,6,2,papryka,deba,papryka-deba,44,2,last
1012,image,correct,1,1474.057282,6,2,winda,abuset,winda-abuset,45,2,last
1012,ortho,correct,1,1476.842131,6,2,owca,sodem,owca-sodem,46,2,last
1012,image,correct,1,1483.825453,6,2,ryba,honisa,ryba-honisa,47,2,last
1012,image,correct,1,1486.361473,6,2,palec,ota,palec-ota,48,2,last
1012,image,correct,1,1489.982082,6,2,jajko,stotewal,jajko-stotewal,49,2,last
1012,image,correct,1,1492.857341,6,2,fartuch,josta,fartuch-josta,50,2,last
1012,image,correct,1,1495.190118,6,2,dynia,nuketo,dynia-nuketo,51,2,last
1012,image,correct,1,1498.282274,6,2,lotnisko,nedonim,lotnisko-nedonim,52,2,last
1012,image,correct,1,1500.580907,6,2,torba,debota,torba-debota,53,2,last
1012,image,correct,1,1504.029192,6,2,kolano,abedo,kolano-abedo,54,2,last
1012,ortho,correct,1,1509.446766,6,2,kotwica,nanoch,kotwica-nanoch,55,2,last
1012,image,correct,1,1512.696988,6,2,wyspa,alo,wyspa-alo,56,2,last
1012,image,correct,1,1515.180684,6,2,parasol,lakob,parasol-lakob,57,2,last
1012,ortho,correct,1,1518.392164,6,2,krawat,ezaja,krawat-ezaja,58,2,last
1012,image,correct,1,1521.237408,6,2,lalka,waben,lalka-waben,59,2,last
1012,image,correct,1,1524.308166,6,2,krowa,nalet,krowa-nalet,60,2,last
1012,ortho,correct,1,1526.749376,6,2,cytryna,chepra,cytryna-chepra,61,2,last
1012,image,correct,1,1529.619121,6,2,papuga,badipret,papuga-badipret,62,2,last
1012,image,correct,1,1532.364829,6,2,ucho,wema,ucho-wema,63,2,last
1012,ortho,correct,1,1538.240672,6,2,zegarek,staca,zegarek-staca,64,2,last
1012,ortho,correct,1,1543.263474,6,2,skarpetka,pakosta,skarpetka-pakosta,65,2,last
1012,ortho,correct,1,1547.144761,6,2,butelka,seranak,butelka-seranak,66,2,last
1012,image,correct,1,1550.634744,6,2,dzwonek,tobyla,dzwonek-tobyla,67,2,last
1012,ortho,correct,1,1554.203881,6,2,stopa,prelata,stopa-prelata,68,2,last
1012,image,correct,1,1559.353355,6,2,kapelusz,izodo,kapelusz-izodo,69,2,last
1012,image,correct,1,1562.337994,6,2,lustro,owiza,lustro-owiza,70,2,last
1012,ortho,correct,1,1565.274328,6,2,samolot,sawiko,samolot-sawiko,71,2,last
1012,ortho,correct,1,1569.429401,6,2,indyk,pekom,indyk-pekom,72,2,last
1012,ortho,correct,1,1573.581784,6,2,koza,lalum,koza-lalum,73,2,last
1012,image,correct,1,1576.116136,6,2,kaczka,ostana,kaczka-ostana,74,2,last
1012,ortho,correct,1,1579.285587,6,2,mewa,rojon,mewa-rojon,75,2,last
1012,ortho,correct,1,1582.946604,6,2,homar,rocepra,homar-rocepra,76,2,last
1012,ortho,correct,1,1585.777639,6,2,silnik,techar,silnik-techar,77,2,last
1012,ortho,correct,1,1588.648128,6,2,gazeta,beler,gazeta-beler,78,2,last
1012,ortho,correct,1,1591.414483,6,2,oko,lazin,oko-lazin,79,2,last
1012,ortho,correct,1,1594.599032,6,2,cebula,uwa,cebula-uwa,80,2,last
1013,ortho,correct,1,1216.435416,9,5,cebula,seranak,cebula-seranak,1,1,not-last
1013,image,correct,1,1229.134708,9,5,ziemniak,beler,ziemniak-beler,2,1,not-last
1013,image,incorrect,0,1232.725389,9,5,stopa,pakosta,stopa-pakosta,3,1,not-last
1013,image,correct,1,1236.481412,9,5,kotwica,deba,kotwica-deba,4,1,not-last
1013,image,correct,1,1240.660014,9,5,lustro,ota,lustro-ota,5,1,not-last
1013,image,correct,1,1248.146679,9,5,jajko,ostana,jajko-ostana,6,1,not-last
1013,image,correct,1,1250.405156,9,5,palec,nedonim,palec-nedonim,7,1,not-last
1013,image,correct,1,1253.548955,9,5,papuga,nuketo,papuga-nuketo,8,1,not-last
1013,image,correct,1,1257.400177,9,5,krawat,lalum,krawat-lalum,9,1,not-last
1013,image,incorrect,0,1262.416131,9,5,gazeta,staca,gazeta-staca,10,1,not-last
1013,image,correct,1,1268.189546,9,5,silnik,sawiko,silnik-sawiko,11,1,not-last
1013,image,correct,1,1272.878546,9,5,cytryna,uwa,cytryna-uwa,12,1,not-last
1013,ortho,incorrect,0,1276.157294,9,5,dzwonek,owiza,dzwonek-owiza,13,1,not-last
1013,image,correct,1,1286.9786,9,5,krowa,obir,krowa-obir,14,1,not-last
1013,ortho,correct,1,1290.64901,9,5,wyspa,lakob,wyspa-lakob,15,1,not-last
1013,ortho,correct,1,1295.955463,9,5,winda,badipret,winda-badipret,16,1,not-last
1013,image,correct,1,1299.342408,9,5,zegarek,chepra,zegarek-chepra,17,1,not-last
1013,ortho,incorrect,0,1302.488523,9,5,homar,fena,homar-fena,18,1,not-last
1013,image,correct,1,1310.290677,9,5,samolot,sodem,samolot-sodem,19,1,not-last
1013,image,correct,1,1314.158807,9,5,osa,lazin,osa-lazin,20,1,not-last
1013,image,correct,1,1318.945,9,5,lalka,tobyla,lalka-tobyla,21,1,not-last
1013,ortho,incorrect,0,1322.406267,9,5,lotnisko,nalet,lotnisko-nalet,22,1,not-last
1013,image,correct,1,1325.84707,9,5,ryba,debota,ryba-debota,23,1,not-last
1013,ortho,correct,1,1331.117388,9,5,torba,wema,torba-wema,24,1,not-last
1013,ortho,incorrect,0,1333.995908,9,5,mewa,ezaja,mewa-ezaja,25,1,not-last
1013,ortho,correct,1,1343.686444,9,5,butelka,prelata,butelka-prelata,26,1,not-last
1013,image,correct,1,1347.285915,9,5,papryka,pekom,papryka-pekom,27,1,not-last
1013,ortho,correct,1,1351.915663,9,5,koza,nanoch,koza-nanoch,28,1,not-last
1013,ortho,incorrect,0,1355.749866,9,5,foka,stotewal,foka-stotewal,29,1,not-last
1013,ortho,correct,1,1360.827988,9,5,dynia,alo,dynia-alo,30,1,not-last
1013,image,correct,1,1363.708447,9,5,ucho,abuset,ucho-abuset,31,1,not-last
1013,image,correct,1,1366.637637,9,5,kolano,josta,kolano-josta,32,1,not-last
1013,ortho,correct,1,1369.889264,9,5,oko,rojon,oko-rojon,33,1,not-last
1013,ortho,correct,1,1374.012229,9,5,skarpetka,techar,skarpetka-techar,34,1,not-last
1013,ortho,correct,1,1377.213201,9,5,indyk,rocepra,indyk-rocepra,35,1,not-last
1013,ortho,correct,1,1382.401349,9,5,owca,tanek,owca-tanek,36,1,not-last
1013,ortho,incorrect,0,1385.212152,9,5,kapelusz,abedo,kapelusz-abedo,37,1,not-last
1013,ortho,correct,1,1390.548639,9,5,fartuch,waben,fartuch-waben,38,1,not-last
1013,ortho,correct,1,1393.540201,9,5,kaczka,izodo,kaczka-izodo,39,1,not-last
1013,ortho,correct,1,1398.724973,9,5,parasol,honisa,parasol-honisa,40,1,not-last
1013,image,correct,1,1402.681038,9,5,cebula,seranak,cebula-seranak,41,2,not-last
1013,image,correct,1,1405.227247,9,5,ziemniak,beler,ziemniak-beler,42,2,not-last
1013,image,correct,1,1408.145388,9,5,stopa,pakosta,stopa-pakosta,43,2,not-last
1013,image,correct,1,1412.360794,9,5,kotwica,deba,kotwica-deba,44,2,not-last
1013,ortho,correct,1,1416.220072,9,5,lustro,ota,lustro-ota,45,2,not-last
1013,ortho,correct,1,1422.184205,9,5,jajko,ostana,jajko-ostana,46,2,not-last
1013,image,correct,1,1427.12753,9,5,palec,nedonim,palec-nedonim,47,2,not-last
1013,image,correct,1,1429.583363,9,5,papuga,nuketo,papuga-nuketo,48,2,not-last
1013,ortho,correct,1,1432.260068,9,5,krawat,lalum,krawat-lalum,49,2,not-last
1013,ortho,correct,1,1436.050166,9,5,gazeta,staca,gazeta-staca,50,2,not-last
1013,ortho,correct,1,1439.054804,9,5,silnik,sawiko,silnik-sawiko,51,2,not-last
1013,ortho,correct,1,1445.456401,9,5,cytryna,uwa,cytryna-uwa,52,2,not-last
1013,ortho,correct,1,1449.333314,9,5,dzwonek,owiza,dzwonek-owiza,53,2,not-last
1013,ortho,correct,1,1453.457263,9,5,krowa,obir,krowa-obir,54,2,not-last
1013,ortho,correct,1,1458.716701,9,5,wyspa,lakob,wyspa-lakob,55,2,not-last
1013,image,correct,1,1461.262536,9,5,winda,badipret,winda-badipret,56,2,not-last
1013,ortho,correct,1,1464.044332,9,5,zegarek,chepra,zegarek-chepra,57,2,not-last
1013,image,correct,1,1470.53392,9,5,homar,fena,homar-fena,58,2,not-last
1013,ortho,incorrect,0,1473.320328,9,5,samolot,sodem,samolot-sodem,59,2,not-last
1013,ortho,correct,1,1480.583189,9,5,osa,lazin,osa-lazin,60,2,not-last
1013,image,correct,1,1483.296693,9,5,lalka,tobyla,lalka-tobyla,61,2,not-last
1013,image,correct,1,1486.545148,9,5,lotnisko,nalet,lotnisko-nalet,62,2,not-last
1013,ortho,correct,1,1489.493735,9,5,ryba,debota,ryba-debota,63,2,not-last
1013,image,correct,1,1492.171539,9,5,torba,wema,torba-wema,64,2,not-last
1013,image,correct,1,1494.518244,9,5,mewa,ezaja,mewa-ezaja,65,2,not-last
1013,image,correct,1,1497.249911,9,5,butelka,prelata,butelka-prelata,66,2,not-last
1013,image,correct,1,1500.023763,9,5,papryka,pekom,papryka-pekom,67,2,not-last
1013,ortho,correct,1,1503.106929,9,5,koza,nanoch,koza-nanoch,68,2,not-last
1013,image,correct,1,1506.917194,9,5,foka,stotewal,foka-stotewal,69,2,not-last
1013,ortho,correct,1,1510.598589,9,5,dynia,alo,dynia-alo,70,2,not-last
1013,image,correct,1,1517.166657,9,5,ucho,abuset,ucho-abuset,71,2,not-last
1013,image,correct,1,1520.294183,9,5,kolano,josta,kolano-josta,72,2,not-last
1013,ortho,correct,1,1525.67102,9,5,oko,rojon,oko-rojon,73,2,not-last
1013,image,correct,1,1528.280326,9,5,skarpetka,techar,skarpetka-techar,74,2,not-last
1013,image,correct,1,1531.22915,9,5,indyk,rocepra,indyk-rocepra,75,2,not-last
1013,ortho,incorrect,0,1535.89799,9,5,owca,tanek,owca-tanek,76,2,not-last
1013,ortho,correct,1,1543.115202,9,5,kapelusz,abedo,kapelusz-abedo,77,2,not-last
1013,image,correct,1,1545.715575,9,5,fartuch,waben,fartuch-waben,78,2,not-last
1013,ortho,incorrect,0,1547.882653,9,5,kaczka,izodo,kaczka-izodo,79,2,not-last
1013,ortho,correct,1,1553.072465,9,5,parasol,honisa,parasol-honisa,80,2,not-last
1013,ortho,correct,1,1560.00451,9,5,cebula,seranak,cebula-seranak,81,3,not-last
1013,image,correct,1,1563.639346,9,5,ziemniak,beler,ziemniak-beler,82,3,not-last
1013,ortho,incorrect,0,1566.345656,9,5,stopa,pakosta,stopa-pakosta,83,3,not-last
1013,ortho,correct,1,1574.271201,9,5,kotwica,deba,kotwica-deba,84,3,not-last
1013,ortho,correct,1,1577.349408,9,5,lustro,ota,lustro-ota,85,3,not-last
1013,ortho,correct,1,1580.086277,9,5,jajko,ostana,jajko-ostana,86,3,not-last
1013,ortho,correct,1,1582.834061,9,5,palec,nedonim,palec-nedonim,87,3,not-last
1013,ortho,correct,1,1586.45595,9,5,papuga,nuketo,papuga-nuketo,88,3,not-last
1013,ortho,correct,1,1589.098573,9,5,krawat,lalum,krawat-lalum,89,3,not-last
1013,image,correct,1,1592.652245,9,5,gazeta,staca,gazeta-staca,90,3,not-last
1013,ortho,correct,1,1595.646111,9,5,silnik,sawiko,silnik-sawiko,91,3,not-last
1013,ortho,correct,1,1597.930419,9,5,cytryna,uwa,cytryna-uwa,92,3,not-last
1013,image,correct,1,1601.265899,9,5,dzwonek,owiza,dzwonek-owiza,93,3,not-last
1013,ortho,correct,1,1604.441482,9,5,krowa,obir,krowa-obir,94,3,not-last
1013,ortho,correct,1,1610.640687,9,5,wyspa,lakob,wyspa-lakob,95,3,not-last
1013,image,correct,1,1613.226012,9,5,winda,badipret,winda-badipret,96,3,not-last
1013,image,correct,1,1616.828774,9,5,zegarek,chepra,zegarek-chepra,97,3,not-last
1013,ortho,correct,1,1619.732849,9,5,homar,fena,homar-fena,98,3,not-last
1013,ortho,correct,1,1622.966807,9,5,samolot,sodem,samolot-sodem,99,3,not-last
1013,ortho,correct,1,1627.116772,9,5,osa,lazin,osa-lazin,100,3,not-last
1013,image,correct,1,1630.141665,9,5,lalka,tobyla,lalka-tobyla,101,3,not-last
1013,image,correct,1,1632.394569,9,5,lotnisko,nalet,lotnisko-nalet,102,3,not-last
1013,image,correct,1,1635.571069,9,5,ryba,debota,ryba-debota,103,3,not-last
1013,ortho,correct,1,1639.137627,9,5,torba,wema,torba-wema,104,3,not-last
1013,ortho,correct,1,1641.681717,9,5,mewa,ezaja,mewa-ezaja,105,3,not-last
1013,ortho,correct,1,1645.515299,9,5,butelka,prelata,butelka-prelata,106,3,not-last
1013,image,correct,1,1648.20807,9,5,papryka,pekom,papryka-pekom,107,3,not-last
1013,ortho,incorrect,0,1652.125649,9,5,koza,nanoch,koza-nanoch,108,3,not-last
1013,ortho,correct,1,1657.512378,9,5,foka,stotewal,foka-stotewal,109,3,not-last
1013,image,correct,1,1660.793532,9,5,dynia,alo,dynia-alo,110,3,not-last
1013,image,correct,1,1663.58856,9,5,ucho,abuset,ucho-abuset,111,3,not-last
1013,image,correct,1,1666.242223,9,5,kolano,josta,kolano-josta,112,3,not-last
1013,image,correct,1,1668.860934,9,5,oko,rojon,oko-rojon,113,3,not-last
1013,image,correct,1,1671.160085,9,5,skarpetka,techar,skarpetka-techar,114,3,not-last
1013,image,correct,1,1673.564009,9,5,indyk,rocepra,indyk-rocepra,115,3,not-last
1013,image,correct,1,1675.907396,9,5,owca,tanek,owca-tanek,116,3,not-last
1013,image,correct,1,1678.749183,9,5,kapelusz,abedo,kapelusz-abedo,117,3,not-last
1013,image,correct,1,1681.304602,9,5,fartuch,waben,fartuch-waben,118,3,not-last
1013,image,correct,1,1684.404487,9,5,kaczka,izodo,kaczka-izodo,119,3,not-last
1013,image,correct,1,1687.009647,9,5,parasol,honisa,parasol-honisa,120,3,not-last
1013,image,correct,1,1689.60627,9,5,cebula,seranak,cebula-seranak,121,4,not-last
1013,ortho,correct,1,1692.686877,9,5,ziemniak,beler,ziemniak-beler,122,4,not-last
1013,ortho,correct,1,1695.569519,9,5,stopa,pakosta,stopa-pakosta,123,4,not-last
1013,ortho,correct,1,1699.114307,9,5,kotwica,deba,kotwica-deba,124,4,not-last
1013,ortho,correct,1,1701.281849,9,5,lustro,ota,lustro-ota,125,4,not-last
1013,image,correct,1,1703.878215,9,5,jajko,ostana,jajko-ostana,126,4,not-last
1013,ortho,correct,1,1706.519168,9,5,palec,nedonim,palec-nedonim,127,4,not-last
1013,image,correct,1,1713.145658,9,5,papuga,nuketo,papuga-nuketo,128,4,not-last
1013,image,correct,1,1716.258082,9,5,krawat,lalum,krawat-lalum,129,4,not-last
1013,image,correct,1,1719.357471,9,5,gazeta,staca,gazeta-staca,130,4,not-last
1013,image,correct,1,1721.551219,9,5,silnik,sawiko,silnik-sawiko,131,4,not-last
1013,image,correct,1,1723.94187,9,5,cytryna,uwa,cytryna-uwa,132,4,not-last
1013,image,correct,1,1726.719854,9,5,dzwonek,owiza,dzwonek-owiza,133,4,not-last
1013,image,correct,1,1729.757316,9,5,krowa,obir,krowa-obir,134,4,not-last
1013,image,correct,1,1732.673197,9,5,wyspa,lakob,wyspa-lakob,135,4,not-last
1013,image,correct,1,1735.671848,9,5,winda,badipret,winda-badipret,136,4,not-last
1013,image,correct,1,1738.418072,9,5,zegarek,chepra,zegarek-chepra,137,4,not-last
1013,ortho,correct,1,1741.377398,9,5,homar,fena,homar-fena,138,4,not-last
1013,ortho,correct,1,1744.647807,9,5,samolot,sodem,samolot-sodem,139,4,not-last
1013,ortho,correct,1,1746.958235,9,5,osa,lazin,osa-lazin,140,4,not-last
1013,image,correct,1,1749.417393,9,5,lalka,tobyla,lalka-tobyla,141,4,not-last
1013,ortho,correct,1,1752.013961,9,5,lotnisko,nalet,lotnisko-nalet,142,4,not-last
1013,ortho,correct,1,1754.416571,9,5,ryba,debota,ryba-debota,143,4,not-last
1013,ortho,correct,1,1757.446163,9,5,torba,wema,torba-wema,144,4,not-last
1013,image,correct,1,1760.831778,9,5,mewa,ezaja,mewa-ezaja,145,4,not-last
1013,image,correct,1,1763.06,9,5,butelka,prelata,butelka-prelata,146,4,not-last
1013,ortho,correct,1,1765.185475,9,5,papryka,pekom,papryka-pekom,147,4,not-last
1013,image,correct,1,1768.033606,9,5,koza,nanoch,koza-nanoch,148,4,not-last
1013,ortho,correct,1,1770.786822,9,5,foka,stotewal,foka-stotewal,149,4,not-last
1013,image,correct,1,1774.285338,9,5,dynia,alo,dynia-alo,150,4,not-last
1013,ortho,correct,1,1777.141915,9,5,ucho,abuset,ucho-abuset,151,4,not-last
1013,ortho,correct,1,1780.435615,9,5,kolano,josta,kolano-josta,152,4,not-last
1013,image,correct,1,1783.708135,9,5,oko,rojon,oko-rojon,153,4,not-last
1013,image,correct,1,1786.260588,9,5,skarpetka,techar,skarpetka-techar,154,4,not-last
1013,image,correct,1,1788.898672,9,5,indyk,rocepra,indyk-rocepra,155,4,not-last
1013,ortho,correct,1,1792.387423,9,5,owca,tanek,owca-tanek,156,4,not-last
1013,ortho,correct,1,1795.204646,9,5,kapelusz,abedo,kapelusz-abedo,157,4,not-last
1013,ortho,correct,1,1800.618617,9,5,fartuch,waben,fartuch-waben,158,4,not-last
1013,ortho,incorrect,0,1803.479584,9,5,kaczka,izodo,kaczka-izodo,159,4,not-last
1013,ortho,correct,1,1810.403379,9,5,parasol,honisa,parasol-honisa,160,4,not-last
1013,ortho,correct,1,1813.893882,9,5,cebula,seranak,cebula-seranak,161,5,last
1013,ortho,correct,1,1817.570025,9,5,ziemniak,beler,ziemniak-beler,162,5,last
1013,image,correct,1,1821.59631,9,5,stopa,pakosta,stopa-pakosta,163,5,last
1013,image,correct,1,1823.861838,9,5,kotwica,deba,kotwica-deba,164,5,last
1013,image,correct,1,1826.480108,9,5,lustro,ota,lustro-ota,165,5,last
1013,image,correct,1,1828.841195,9,5,jajko,ostana,jajko-ostana,166,5,last
1013,ortho,correct,1,1831.434688,9,5,palec,nedonim,palec-nedonim,167,5,last
1013,ortho,correct,1,1834.451685,9,5,papuga,nuketo,papuga-nuketo,168,5,last
1013,ortho,correct,1,1837.060405,9,5,krawat,lalum,krawat-lalum,169,5,last
1013,ortho,correct,1,1840.14835,9,5,gazeta,staca,gazeta-staca,170,5,last
1013,ortho,correct,1,1842.855906,9,5,silnik,sawiko,silnik-sawiko,171,5,last
1013,image,correct,1,1845.63353,9,5,cytryna,uwa,cytryna-uwa,172,5,last
1013,ortho,correct,1,1848.450675,9,5,dzwonek,owiza,dzwonek-owiza,173,5,last
1013,image,correct,1,1851.10699,9,5,krowa,obir,krowa-obir,174,5,last
1013,image,correct,1,1853.541209,9,5,wyspa,lakob,wyspa-lakob,175,5,last
1013,image,correct,1,1856.183458,9,5,winda,badipret,winda-badipret,176,5,last
1013,image,correct,1,1858.565982,9,5,zegarek,chepra,zegarek-chepra,177,5,last
1013,image,correct,1,1861.514326,9,5,homar,fena,homar-fena,178,5,last
1013,ortho,correct,1,1863.848848,9,5,samolot,sodem,samolot-sodem,179,5,last
1013,image,correct,1,1866.340926,9,5,osa,lazin,osa-lazin,180,5,last
1013,image,correct,1,1868.900367,9,5,lalka,tobyla,lalka-tobyla,181,5,last
1013,image,correct,1,1872.173916,9,5,lotnisko,nalet,lotnisko-nalet,182,5,last
1013,ortho,correct,1,1874.349128,9,5,ryba,debota,ryba-debota,183,5,last
1013,image,correct,1,1877.483787,9,5,torba,wema,torba-wema,184,5,last
1013,image,correct,1,1880.253592,9,5,mewa,ezaja,mewa-ezaja,185,5,last
1013,image,correct,1,1882.661774,9,5,butelka,prelata,butelka-prelata,186,5,last
1013,ortho,correct,1,1884.974039,9,5,papryka,pekom,papryka-pekom,187,5,last
1013,image,correct,1,1887.756079,9,5,koza,nanoch,koza-nanoch,188,5,last
1013,image,correct,1,1890.334502,9,5,foka,stotewal,foka-stotewal,189,5,last
1013,ortho,correct,1,1893.551852,9,5,dynia,alo,dynia-alo,190,5,last
1013,ortho,correct,1,1896.107103,9,5,ucho,abuset,ucho-abuset,191,5,last
1013,image,correct,1,1899.779866,9,5,kolano,josta,kolano-josta,192,5,last
1013,ortho,correct,1,1902.872284,9,5,oko,rojon,oko-rojon,193,5,last
1013,ortho,correct,1,1907.605796,9,5,skarpetka,techar,skarpetka-techar,194,5,last
1013,ortho,correct,1,1911.11192,9,5,indyk,rocepra,indyk-rocepra,195,5,last
1013,image,correct,1,1913.81094,9,5,owca,tanek,owca-tanek,196,5,last
1013,ortho,correct,1,1916.312083,9,5,kapelusz,abedo,kapelusz-abedo,197,5,last
1013,ortho,correct,1,1922.06285,9,5,fartuch,waben,fartuch-waben,198,5,last
1013,ortho,correct,1,1924.603393,9,5,kaczka,izodo,kaczka-izodo,199,5,last
1013,ortho,correct,1,1931.612929,9,5,parasol,honisa,parasol-honisa,200,5,last
1014,ortho,correct,1,1350.94202,6,2,mewa,tanek,mewa-tanek,1,1,not-last
1014,ortho,correct,1,1356.576205,6,2,krawat,lazin,krawat-lazin,2,1,not-last
1014,image,correct,1,1361.316501,6,2,palec,tobyla,palec-tobyla,3,1,not-last
1014,ortho,correct,1,1367.308065,6,2,ziemniak,pekom,ziemniak-pekom,4,1,not-last
1014,image,correct,1,1371.283099,6,2,dynia,abuset,dynia-abuset,5,1,not-last
1014,ortho,correct,1,1381.305474,6,2,oko,sodem,oko-sodem,6,1,not-last
1014,image,correct,1,1386.100447,6,2,lalka,abedo,lalka-abedo,7,1,not-last
1014,ortho,correct,1,1393.477422,6,2,samolot,pakosta,samolot-pakosta,8,1,not-last
1014,image,correct,1,1397.377931,6,2,papuga,wema,papuga-wema,9,1,not-last
1014,image,correct,1,1401.785165,6,2,dzwonek,josta,dzwonek-josta,10,1,not-last
1014,image,correct,1,1404.982831,6,2,wyspa,owiza,wyspa-owiza,11,1,not-last
1014,image,correct,1,1408.621424,6,2,torba,lakob,torba-lakob,12,1,not-last
1014,image,correct,1,1412.034608,6,2,krowa,nuketo,krowa-nuketo,13,1,not-last
1014,ortho,correct,1,1414.926955,6,2,cytryna,beler,cytryna-beler,14,1,not-last
1014,image,correct,1,1427.687693,6,2,foka,nedonim,foka-nedonim,15,1,not-last
1014,image,correct,1,1436.345738,6,2,kaczka,obir,kaczka-obir,16,1,not-last
1014,ortho,correct,1,1441.524385,6,2,stopa,uwa,stopa-uwa,17,1,not-last
1014,ortho,correct,1,1449.669195,6,2,butelka,chepra,butelka-chepra,18,1,not-last
1014,image,correct,1,1468.505986,6,2,kolano,ostana,kolano-ostana,19,1,not-last
1014,ortho,incorrect,0,1483.040961,6,2,kotwica,ezaja,kotwica-ezaja,20,1,not-last
1014,image,correct,1,1498.399236,6,2,lustro,waben,lustro-waben,21,1,not-last
1014,ortho,correct,1,1506.026321,6,2,zegarek,fena,zegarek-fena,22,1,not-last
1014,image,correct,1,1514.351667,6,2,winda,debota,winda-debota,23,1,not-last
1014,ortho,correct,1,1526.189038,6,2,silnik,prelata,silnik-prelata,24,1,not-last
1014,ortho,correct,1,1536.721493,6,2,skarpetka,seranak,skarpetka-seranak,25,1,not-last
1014,ortho,correct,1,1550.256577,6,2,papryka,lalum,papryka-lalum,26,1,not-last
1014,ortho,correct,1,1561.759425,6,2,osa,sawiko,osa-sawiko,27,1,not-last
1014,image,correct,1,1574.899144,6,2,jajko,nalet,jajko-nalet,28,1,not-last
1014,ortho,correct,1,1589.034808,6,2,cebula,staca,cebula-staca,29,1,not-last
1014,image,correct,1,1600.965984,6,2,ryba,alo,ryba-alo,30,1,not-last
1014,ortho,correct,1,1608.727065,6,2,homar,deba,homar-deba,31,1,not-last
1014,ortho,correct,1,1621.846321,6,2,owca,techar,owca-techar,32,1,not-last
1014,ortho,correct,1,1649.837742,6,2,gazeta,rocepra,gazeta-rocepra,33,1,not-last
1014,ortho,correct,1,1658.212151,6,2,koza,rojon,koza-rojon,34,1,not-last
1014,ortho,correct,1,1666.185298,6,2,indyk,nanoch,indyk-nanoch,35,1,not-last
1014,image,correct,1,1683.34532,6,2,lotnisko,badipret,lotnisko-badipret,36,1,not-last
1014,image,correct,1,1693.470052,6,2,parasol,ota,parasol-ota,37,1,not-last
1014,image,correct,1,1705.165352,6,2,fartuch,izodo,fartuch-izodo,38,1,not-last
1014,image,correct,1,1717.57644,6,2,kapelusz,stotewal,kapelusz-stotewal,39,1,not-last
1014,image,correct,1,1728.467131,6,2,ucho,honisa,ucho-honisa,40,1,not-last
1014,ortho,correct,1,1733.669792,6,2,mewa,tanek,mewa-tanek,41,2,last
1014,ortho,correct,1,1763.538566,6,2,krawat,lazin,krawat-lazin,42,2,last
1014,ortho,correct,1,1775.466531,6,2,ziemniak,pekom,ziemniak-pekom,43,2,last
1014,ortho,correct,1,1789.837713,6,2,oko,sodem,oko-sodem,44,2,last
1014,image,correct,1,1805.798731,6,2,palec,tobyla,palec-tobyla,45,2,last
1014,image,correct,1,1862.370761,6,2,dynia,abuset,dynia-abuset,46,2,last
1014,image,correct,1,1873.798611,6,2,lalka,abedo,lalka-abedo,47,2,last
1014,image,correct,1,1882.030924,6,2,papuga,wema,papuga-wema,48,2,last
1014,image,correct,1,1887.626183,6,2,dzwonek,josta,dzwonek-josta,49,2,last
1014,image,correct,1,1901.07825,6,2,wyspa,owiza,wyspa-owiza,50,2,last
1014,image,correct,1,1907.031241,6,2,torba,lakob,torba-lakob,51,2,last
1014,ortho,correct,1,1912.527298,6,2,samolot,pakosta,samolot-pakosta,52,2,last
1014,image,correct,1,1926.583468,6,2,krowa,nuketo,krowa-nuketo,53,2,last
1014,ortho,correct,1,1936.959262,6,2,cytryna,beler,cytryna-beler,54,2,last
1014,image,correct,1,1947.864638,6,2,foka,nedonim,foka-nedonim,55,2,last
1014,image,correct,1,1960.127558,6,2,kaczka,obir,kaczka-obir,56,2,last
1014,ortho,correct,1,1974.27544,6,2,stopa,uwa,stopa-uwa,57,2,last
1014,ortho,correct,1,1984.745451,6,2,butelka,chepra,butelka-chepra,58,2,last
1014,image,correct,1,1994.420422,6,2,kolano,ostana,kolano-ostana,59,2,last
1014,image,correct,1,2001.693232,6,2,lustro,waben,lustro-waben,60,2,last
1014,image,correct,1,2008.706205,6,2,winda,debota,winda-debota,61,2,last
1014,ortho,correct,1,2027.892673,6,2,kotwica,ezaja,kotwica-ezaja,62,2,last
1014,image,correct,1,2038.42632,6,2,jajko,nalet,jajko-nalet,63,2,last
1014,ortho,correct,1,2050.223265,6,2,zegarek,fena,zegarek-fena,64,2,last
1014,ortho,correct,1,2061.469927,6,2,silnik,prelata,silnik-prelata,65,2,last
1014,ortho,correct,1,2069.175783,6,2,skarpetka,seranak,skarpetka-seranak,66,2,last
1014,image,correct,1,2088.759075,6,2,ryba,alo,ryba-alo,67,2,last
1014,ortho,correct,1,2104.028393,6,2,papryka,lalum,papryka-lalum,68,2,last
1014,ortho,correct,1,2112.579074,6,2,osa,sawiko,osa-sawiko,69,2,last
1014,image,correct,1,2120.309644,6,2,lotnisko,badipret,lotnisko-badipret,70,2,last
1014,ortho,correct,1,2126.955452,6,2,cebula,staca,cebula-staca,71,2,last
1014,ortho,correct,1,2134.42544,6,2,homar,deba,homar-deba,72,2,last
1014,image,correct,1,2148.793962,6,2,parasol,ota,parasol-ota,73,2,last
1014,image,correct,1,2162.59642,6,2,fartuch,izodo,fartuch-izodo,74,2,last
1014,ortho,correct,1,2189.640694,6,2,owca,techar,owca-techar,75,2,last
1014,ortho,correct,1,2201.807398,6,2,gazeta,rocepra,gazeta-rocepra,76,2,last
1014,ortho,correct,1,2207.638902,6,2,koza,rojon,koza-rojon,77,2,last
1014,ortho,correct,1,2210.827287,6,2,indyk,nanoch,indyk-nanoch,78,2,last
1014,image,correct,1,2218.034252,6,2,kapelusz,stotewal,kapelusz-stotewal,79,2,last
1014,image,correct,1,2224.534705,6,2,ucho,honisa,ucho-honisa,80,2,last
1017,image,correct,1,1185.418158,7,3,foka,obir,foka-obir,1,1,not-last
1017,image,correct,1,1190.62058,7,3,winda,abuset,winda-abuset,2,1,not-last
1017,image,correct,1,1194.373127,7,3,ryba,honisa,ryba-honisa,3,1,not-last
1017,ortho,correct,1,1197.964496,7,3,ziemniak,fena,ziemniak-fena,4,1,not-last
1017,ortho,correct,1,1203.471772,7,3,osa,tanek,osa-tanek,5,1,not-last
1017,ortho,correct,1,1207.322291,7,3,papryka,deba,papryka-deba,6,1,not-last
1017,ortho,correct,1,1212.454921,7,3,owca,sodem,owca-sodem,7,1,not-last
1017,image,correct,1,1216.096317,7,3,palec,ota,palec-ota,8,1,not-last
1017,image,correct,1,1219.972626,7,3,jajko,stotewal,jajko-stotewal,9,1,not-last
1017,image,correct,1,1223.823134,7,3,fartuch,josta,fartuch-josta,10,1,not-last
1017,ortho,correct,1,1227.851681,7,3,kotwica,nanoch,kotwica-nanoch,11,1,not-last
1017,ortho,correct,1,1234.01539,7,3,krawat,ezaja,krawat-ezaja,12,1,not-last
1017,ortho,correct,1,1237.374324,7,3,cytryna,chepra,cytryna-chepra,13,1,not-last
1017,ortho,correct,1,1241.675313,7,3,zegarek,staca,zegarek-staca,14,1,not-last
1017,image,correct,1,1245.165586,7,3,dynia,nuketo,dynia-nuketo,15,1,not-last
1017,image,incorrect,0,1248.305785,7,3,lotnisko,nedonim,lotnisko-nedonim,16,1,not-last
1017,ortho,correct,1,1253.401258,7,3,skarpetka,pakosta,skarpetka-pakosta,17,1,not-last
1017,image,correct,1,1260.798946,7,3,torba,debota,torba-debota,18,1,not-last
1017,image,correct,1,1263.774925,7,3,kolano,abedo,kolano-abedo,19,1,not-last
1017,ortho,correct,1,1267.270868,7,3,butelka,seranak,butelka-seranak,20,1,not-last
1017,image,correct,1,1276.082648,7,3,wyspa,alo,wyspa-alo,21,1,not-last
1017,ortho,correct,1,1278.932502,7,3,stopa,prelata,stopa-prelata,22,1,not-last
1017,ortho,correct,1,1282.759606,7,3,samolot,sawiko,samolot-sawiko,23,1,not-last
1017,image,correct,1,1289.697707,7,3,parasol,lakob,parasol-lakob,24,1,not-last
1017,image,correct,1,1294.678347,7,3,lalka,waben,lalka-waben,25,1,not-last
1017,image,correct,1,1298.607726,7,3,krowa,nalet,krowa-nalet,26,1,not-last
1017,image,correct,1,1302.408333,7,3,papuga,badipret,papuga-badipret,27,1,not-last
1017,image,correct,1,1305.70938,7,3,ucho,wema,ucho-wema,28,1,not-last
1017,ortho,incorrect,0,1310.001876,7,3,indyk,pekom,indyk-pekom,29,1,not-last
1017,image,correct,1,1315.198448,7,3,dzwonek,tobyla,dzwonek-tobyla,30,1,not-last
1017,ortho,correct,1,1318.786914,7,3,koza,lalum,koza-lalum,31,1,not-last
1017,image,correct,1,1321.883692,7,3,kapelusz,izodo,kapelusz-izodo,32,1,not-last
1017,image,correct,1,1324.77267,7,3,lustro,owiza,lustro-owiza,33,1,not-last
1017,ortho,incorrect,0,1327.983686,7,3,mewa,rojon,mewa-rojon,34,1,not-last
1017,image,correct,1,1332.633482,7,3,kaczka,ostana,kaczka-ostana,35,1,not-last
1017,ortho,correct,1,1337.221761,7,3,homar,rocepra,homar-rocepra,36,1,not-last
1017,ortho,correct,1,1342.147541,7,3,silnik,techar,silnik-techar,37,1,not-last
1017,ortho,correct,1,1347.444222,7,3,gazeta,beler,gazeta-beler,38,1,not-last
1017,ortho,correct,1,1352.143404,7,3,oko,lazin,oko-lazin,39,1,not-last
1017,ortho,correct,1,1359.312447,7,3,cebula,uwa,cebula-uwa,40,1,not-last
1017,ortho,correct,1,1362.327933,7,3,ziemniak,fena,ziemniak-fena,41,2,not-last
1017,image,correct,1,1366.618697,7,3,foka,obir,foka-obir,42,2,not-last
1017,image,correct,1,1371.344809,7,3,winda,abuset,winda-abuset,43,2,not-last
1017,ortho,correct,1,1374.689211,7,3,osa,tanek,osa-tanek,44,2,not-last
1017,ortho,correct,1,1379.044836,7,3,papryka,deba,papryka-deba,45,2,not-last
1017,ortho,correct,1,1382.227361,7,3,owca,sodem,owca-sodem,46,2,not-last
1017,ortho,correct,1,1386.095183,7,3,kotwica,nanoch,kotwica-nanoch,47,2,not-last
1017,image,correct,1,1390.185814,7,3,ryba,honisa,ryba-honisa,48,2,not-last
1017,image,correct,1,1393.096329,7,3,palec,ota,palec-ota,49,2,not-last
1017,image,correct,1,1395.796798,7,3,jajko,stotewal,jajko-stotewal,50,2,not-last
1017,ortho,correct,1,1400.046043,7,3,krawat,ezaja,krawat-ezaja,51,2,not-last
1017,image,correct,1,1402.937749,7,3,fartuch,josta,fartuch-josta,52,2,not-last
1017,image,correct,1,1405.991498,7,3,dynia,nuketo,dynia-nuketo,53,2,not-last
1017,image,correct,1,1409.563397,7,3,lotnisko,nedonim,lotnisko-nedonim,54,2,not-last
1017,image,correct,1,1416.07902,7,3,torba,debota,torba-debota,55,2,not-last
1017,ortho,correct,1,1419.189617,7,3,cytryna,chepra,cytryna-chepra,56,2,not-last
1017,ortho,correct,1,1422.406099,7,3,zegarek,staca,zegarek-staca,57,2,not-last
1017,ortho,correct,1,1425.437437,7,3,skarpetka,pakosta,skarpetka-pakosta,58,2,not-last
1017,image,correct,1,1430.537651,7,3,kolano,abedo,kolano-abedo,59,2,not-last
1017,image,correct,1,1433.747815,7,3,wyspa,alo,wyspa-alo,60,2,not-last
1017,image,correct,1,1436.647947,7,3,parasol,lakob,parasol-lakob,61,2,not-last
1017,image,correct,1,1439.613455,7,3,lalka,waben,lalka-waben,62,2,not-last
1017,ortho,correct,1,1442.358618,7,3,butelka,seranak,butelka-seranak,63,2,not-last
1017,image,correct,1,1449.473352,7,3,krowa,nalet,krowa-nalet,64,2,not-last
1017,ortho,correct,1,1453.040944,7,3,stopa,prelata,stopa-prelata,65,2,not-last
1017,ortho,correct,1,1456.769078,7,3,samolot,sawiko,samolot-sawiko,66,2,not-last
1017,ortho,correct,1,1460.096445,7,3,indyk,pekom,indyk-pekom,67,2,not-last
1017,ortho,correct,1,1462.931193,7,3,koza,lalum,koza-lalum,68,2,not-last
1017,ortho,incorrect,0,1465.581996,7,3,mewa,rojon,mewa-rojon,69,2,not-last
1017,ortho,correct,1,1471.482828,7,3,homar,rocepra,homar-rocepra,70,2,not-last
1017,image,correct,1,1474.558675,7,3,papuga,badipret,papuga-badipret,71,2,not-last
1017,image,correct,1,1478.400679,7,3,ucho,wema,ucho-wema,72,2,not-last
1017,image,correct,1,1481.616906,7,3,dzwonek,tobyla,dzwonek-tobyla,73,2,not-last
1017,ortho,correct,1,1484.676239,7,3,silnik,techar,silnik-techar,74,2,not-last
1017,ortho,correct,1,1488.868457,7,3,gazeta,beler,gazeta-beler,75,2,not-last
1017,image,correct,1,1492.393284,7,3,kapelusz,izodo,kapelusz-izodo,76,2,not-last
1017,ortho,correct,1,1495.35185,7,3,oko,lazin,oko-lazin,77,2,not-last
1017,ortho,correct,1,1500.183955,7,3,cebula,uwa,cebula-uwa,78,2,not-last
1017,image,correct,1,1503.939849,7,3,lustro,owiza,lustro-owiza,79,2,not-last
1017,image,correct,1,1507.322416,7,3,kaczka,ostana,kaczka-ostana,80,2,not-last
1017,image,correct,1,1510.44963,7,3,foka,obir,foka-obir,81,3,last
1017,image,correct,1,1513.348427,7,3,winda,abuset,winda-abuset,82,3,last
1017,ortho,correct,1,1516.225836,7,3,ziemniak,fena,ziemniak-fena,83,3,last
1017,image,correct,1,1519.241826,7,3,ryba,honisa,ryba-honisa,84,3,last
1017,ortho,correct,1,1522.011203,7,3,osa,tanek,osa-tanek,85,3,last
1017,image,correct,1,1525.587644,7,3,palec,ota,palec-ota,86,3,last
1017,image,correct,1,1528.365523,7,3,jajko,stotewal,jajko-stotewal,87,3,last
1017,ortho,correct,1,1531.742729,7,3,papryka,deba,papryka-deba,88,3,last
1017,ortho,correct,1,1536.300158,7,3,owca,sodem,owca-sodem,89,3,last
1017,image,correct,1,1539.326727,7,3,fartuch,josta,fartuch-josta,90,3,last
1017,image,correct,1,1542.335231,7,3,dynia,nuketo,dynia-nuketo,91,3,last
1017,image,correct,1,1546.10133,7,3,lotnisko,nedonim,lotnisko-nedonim,92,3,last
1017,image,correct,1,1552.668747,7,3,torba,debota,torba-debota,93,3,last
1017,image,correct,1,1555.486778,7,3,kolano,abedo,kolano-abedo,94,3,last
1017,image,correct,1,1560.305758,7,3,wyspa,alo,wyspa-alo,95,3,last
1017,image,correct,1,1562.868464,7,3,parasol,lakob,parasol-lakob,96,3,last
1017,image,correct,1,1565.83482,7,3,lalka,waben,lalka-waben,97,3,last
1017,ortho,correct,1,1569.112875,7,3,kotwica,nanoch,kotwica-nanoch,98,3,last
1017,ortho,correct,1,1575.15511,7,3,krawat,ezaja,krawat-ezaja,99,3,last
1017,image,correct,1,1578.329778,7,3,krowa,nalet,krowa-nalet,100,3,last
1017,ortho,correct,1,1581.447156,7,3,cytryna,chepra,cytryna-chepra,101,3,last
1017,ortho,correct,1,1584.401664,7,3,zegarek,staca,zegarek-staca,102,3,last
1017,ortho,correct,1,1588.171584,7,3,skarpetka,pakosta,skarpetka-pakosta,103,3,last
1017,ortho,correct,1,1591.386315,7,3,butelka,seranak,butelka-seranak,104,3,last
1017,ortho,correct,1,1595.572578,7,3,stopa,prelata,stopa-prelata,105,3,last
1017,image,correct,1,1598.70991,7,3,papuga,badipret,papuga-badipret,106,3,last
1017,ortho,correct,1,1601.363082,7,3,samolot,sawiko,samolot-sawiko,107,3,last
1017,image,correct,1,1604.459573,7,3,ucho,wema,ucho-wema,108,3,last
1017,image,correct,1,1607.772216,7,3,dzwonek,tobyla,dzwonek-tobyla,109,3,last
1017,ortho,correct,1,1610.529518,7,3,indyk,pekom,indyk-pekom,110,3,last
1017,image,correct,1,1614.162776,7,3,kapelusz,izodo,kapelusz-izodo,111,3,last
1017,image,correct,1,1617.43018,7,3,lustro,owiza,lustro-owiza,112,3,last
1017,ortho,correct,1,1620.816061,7,3,koza,lalum,koza-lalum,113,3,last
1017,image,correct,1,1623.627778,7,3,kaczka,ostana,kaczka-ostana,114,3,last
1017,ortho,correct,1,1626.413786,7,3,mewa,rojon,mewa-rojon,115,3,last
1017,ortho,correct,1,1630.004521,7,3,homar,rocepra,homar-rocepra,116,3,last
1017,ortho,correct,1,1633.138628,7,3,silnik,techar,silnik-techar,117,3,last
1017,ortho,correct,1,1635.975741,7,3,gazeta,beler,gazeta-beler,118,3,last
1017,ortho,correct,1,1640.056873,7,3,oko,lazin,oko-lazin,119,3,last
1017,ortho,correct,1,1643.556751,7,3,cebula,uwa,cebula-uwa,120,3,last
1018,ortho,correct,1,1212.085856,7,3,mewa,tanek,mewa-tanek,1,1,not-last
1018,ortho,correct,1,1217.940801,7,3,krawat,lazin,krawat-lazin,2,1,not-last
1018,image,correct,1,1220.774374,7,3,palec,tobyla,palec-tobyla,3,1,not-last
1018,ortho,correct,1,1224.023289,7,3,ziemniak,pekom,ziemniak-pekom,4,1,not-last
1018,ortho,correct,1,1227.512133,7,3,oko,sodem,oko-sodem,5,1,not-last
1018,ortho,correct,1,1232.134049,7,3,samolot,pakosta,samolot-pakosta,6,1,not-last
1018,ortho,correct,1,1235.41539,7,3,cytryna,beler,cytryna-beler,7,1,not-last
1018,ortho,correct,1,1240.479603,7,3,stopa,uwa,stopa-uwa,8,1,not-last
1018,ortho,correct,1,1245.261956,7,3,butelka,chepra,butelka-chepra,9,1,not-last
1018,ortho,incorrect,0,1248.878655,7,3,kotwica,ezaja,kotwica-ezaja,10,1,not-last
1018,image,correct,1,1253.070214,7,3,dynia,abuset,dynia-abuset,11,1,not-last
1018,image,incorrect,0,1258.394731,7,3,lalka,abedo,lalka-abedo,12,1,not-last
1018,ortho,correct,1,1261.993974,7,3,zegarek,fena,zegarek-fena,13,1,not-last
1018,image,correct,1,1265.164925,7,3,papuga,wema,papuga-wema,14,1,not-last
1018,image,correct,1,1268.264504,7,3,dzwonek,josta,dzwonek-josta,15,1,not-last
1018,ortho,incorrect,0,1271.639372,7,3,silnik,prelata,silnik-prelata,16,1,not-last
1018,ortho,correct,1,1275.733572,7,3,skarpetka,seranak,skarpetka-seranak,17,1,not-last
1018,ortho,correct,1,1279.463563,7,3,papryka,lalum,papryka-lalum,18,1,not-last
1018,ortho,correct,1,1282.699311,7,3,osa,sawiko,osa-sawiko,19,1,not-last
1018,image,correct,1,1288.952513,7,3,wyspa,owiza,wyspa-owiza,20,1,not-last
1018,image,correct,1,1292.068257,7,3,torba,lakob,torba-lakob,21,1,not-last
1018,image,correct,1,1295.211175,7,3,krowa,nuketo,krowa-nuketo,22,1,not-last
1018,image,correct,1,1299.227811,7,3,foka,nedonim,foka-nedonim,23,1,not-last
1018,ortho,correct,1,1301.888722,7,3,cebula,staca,cebula-staca,24,1,not-last
1018,ortho,correct,1,1307.812715,7,3,homar,deba,homar-deba,25,1,not-last
1018,ortho,correct,1,1311.001165,7,3,owca,techar,owca-techar,26,1,not-last
1018,ortho,correct,1,1314.497526,7,3,gazeta,rocepra,gazeta-rocepra,27,1,not-last
1018,ortho,correct,1,1317.680937,7,3,koza,rojon,koza-rojon,28,1,not-last
1018,image,correct,1,1321.220842,7,3,kaczka,obir,kaczka-obir,29,1,not-last
1018,ortho,correct,1,1323.662058,7,3,indyk,nanoch,indyk-nanoch,30,1,not-last
1018,image,correct,1,1327.073142,7,3,kolano,ostana,kolano-ostana,31,1,not-last
1018,image,correct,1,1331.660397,7,3,lustro,waben,lustro-waben,32,1,not-last
1018,image,correct,1,1334.418301,7,3,winda,debota,winda-debota,33,1,not-last
1018,image,correct,1,1339.348528,7,3,jajko,nalet,jajko-nalet,34,1,not-last
1018,image,correct,1,1342.474877,7,3,ryba,alo,ryba-alo,35,1,not-last
1018,image,correct,1,1344.794647,7,3,lotnisko,badipret,lotnisko-badipret,36,1,not-last
1018,image,correct,1,1347.692841,7,3,parasol,ota,parasol-ota,37,1,not-last
1018,image,correct,1,1350.157791,7,3,fartuch,izodo,fartuch-izodo,38,1,not-last
1018,image,correct,1,1352.794938,7,3,kapelusz,stotewal,kapelusz-stotewal,39,1,not-last
1018,image,correct,1,1355.250799,7,3,ucho,honisa,ucho-honisa,40,1,not-last
1018,image,correct,1,1357.988747,7,3,palec,tobyla,palec-tobyla,41,2,not-last
1018,image,correct,1,1362.263537,7,3,dynia,abuset,dynia-abuset,42,2,not-last
1018,image,correct,1,1366.561623,7,3,lalka,abedo,lalka-abedo,43,2,not-last
1018,ortho,correct,1,1370.067552,7,3,mewa,tanek,mewa-tanek,44,2,not-last
1018,image,correct,1,1374.16828,7,3,papuga,wema,papuga-wema,45,2,not-last
1018,ortho,correct,1,1377.159434,7,3,krawat,lazin,krawat-lazin,46,2,not-last
1018,ortho,correct,1,1379.746728,7,3,ziemniak,pekom,ziemniak-pekom,47,2,not-last
1018,ortho,correct,1,1382.288159,7,3,oko,sodem,oko-sodem,48,2,not-last
1018,ortho,correct,1,1385.814334,7,3,samolot,pakosta,samolot-pakosta,49,2,not-last
1018,ortho,correct,1,1389.615393,7,3,cytryna,beler,cytryna-beler,50,2,not-last
1018,image,correct,1,1393.287465,7,3,dzwonek,josta,dzwonek-josta,51,2,not-last
1018,ortho,correct,1,1396.063839,7,3,stopa,uwa,stopa-uwa,52,2,not-last
1018,image,correct,1,1400.039346,7,3,wyspa,owiza,wyspa-owiza,53,2,not-last
1018,ortho,correct,1,1402.852957,7,3,butelka,chepra,butelka-chepra,54,2,not-last
1018,ortho,correct,1,1406.548092,7,3,kotwica,ezaja,kotwica-ezaja,55,2,not-last
1018,ortho,correct,1,1410.678979,7,3,zegarek,fena,zegarek-fena,56,2,not-last
1018,ortho,incorrect,0,1413.073156,7,3,silnik,prelata,silnik-prelata,57,2,not-last
1018,ortho,correct,1,1419.611422,7,3,skarpetka,seranak,skarpetka-seranak,58,2,not-last
1018,ortho,correct,1,1422.331649,7,3,papryka,lalum,papryka-lalum,59,2,not-last
1018,image,correct,1,1424.820935,7,3,torba,lakob,torba-lakob,60,2,not-last
1018,image,correct,1,1427.254659,7,3,krowa,nuketo,krowa-nuketo,61,2,not-last
1018,image,correct,1,1430.401726,7,3,foka,nedonim,foka-nedonim,62,2,not-last
1018,image,correct,1,1433.72086,7,3,kaczka,obir,kaczka-obir,63,2,not-last
1018,ortho,correct,1,1435.963528,7,3,osa,sawiko,osa-sawiko,64,2,not-last
1018,ortho,correct,1,1441.733832,7,3,cebula,staca,cebula-staca,65,2,not-last
1018,ortho,correct,1,1446.198408,7,3,homar,deba,homar-deba,66,2,not-last
1018,ortho,correct,1,1448.845885,7,3,owca,techar,owca-techar,67,2,not-last
1018,ortho,correct,1,1452.522571,7,3,gazeta,rocepra,gazeta-rocepra,68,2,not-last
1018,image,correct,1,1455.48492,7,3,kolano,ostana,kolano-ostana,69,2,not-last
1018,ortho,correct,1,1458.738945,7,3,koza,rojon,koza-rojon,70,2,not-last
1018,ortho,correct,1,1462.296978,7,3,indyk,nanoch,indyk-nanoch,71,2,not-last
1018,image,correct,1,1465.341951,7,3,lustro,waben,lustro-waben,72,2,not-last
1018,image,correct,1,1467.879904,7,3,winda,debota,winda-debota,73,2,not-last
1018,image,correct,1,1471.465923,7,3,jajko,nalet,jajko-nalet,74,2,not-last
1018,image,correct,1,1474.192574,7,3,ryba,alo,ryba-alo,75,2,not-last
1018,image,correct,1,1476.317157,7,3,lotnisko,badipret,lotnisko-badipret,76,2,not-last
1018,image,correct,1,1478.848964,7,3,parasol,ota,parasol-ota,77,2,not-last
1018,image,correct,1,1481.463719,7,3,fartuch,izodo,fartuch-izodo,78,2,not-last
1018,image,correct,1,1484.107723,7,3,kapelusz,stotewal,kapelusz-stotewal,79,2,not-last
1018,image,correct,1,1486.992344,7,3,ucho,honisa,ucho-honisa,80,2,not-last
1018,image,correct,1,1490.007126,7,3,palec,tobyla,palec-tobyla,81,3,last
1018,image,correct,1,1492.865981,7,3,dynia,abuset,dynia-abuset,82,3,last
1018,image,correct,1,1496.595897,7,3,lalka,abedo,lalka-abedo,83,3,last
1018,image,correct,1,1500.065345,7,3,papuga,wema,papuga-wema,84,3,last
1018,image,correct,1,1503.296876,7,3,dzwonek,josta,dzwonek-josta,85,3,last
1018,image,correct,1,1505.765438,7,3,wyspa,owiza,wyspa-owiza,86,3,last
1018,ortho,correct,1,1508.304107,7,3,mewa,tanek,mewa-tanek,87,3,last
1018,image,correct,1,1511.384775,7,3,torba,lakob,torba-lakob,88,3,last
1018,image,correct,1,1514.851979,7,3,krowa,nuketo,krowa-nuketo,89,3,last
1018,image,correct,1,1517.246265,7,3,foka,nedonim,foka-nedonim,90,3,last
1018,ortho,correct,1,1520.046183,7,3,krawat,lazin,krawat-lazin,91,3,last
1018,image,correct,1,1522.650657,7,3,kaczka,obir,kaczka-obir,92,3,last
1018,image,correct,1,1525.108049,7,3,kolano,ostana,kolano-ostana,93,3,last
1018,image,correct,1,1527.910861,7,3,lustro,waben,lustro-waben,94,3,last
1018,ortho,correct,1,1530.742084,7,3,ziemniak,pekom,ziemniak-pekom,95,3,last
1018,image,correct,1,1533.405151,7,3,winda,debota,winda-debota,96,3,last
1018,image,correct,1,1535.897512,7,3,jajko,nalet,jajko-nalet,97,3,last
1018,ortho,correct,1,1538.61467,7,3,oko,sodem,oko-sodem,98,3,last
1018,image,correct,1,1544.240636,7,3,ryba,alo,ryba-alo,99,3,last
1018,ortho,correct,1,1546.589549,7,3,samolot,pakosta,samolot-pakosta,100,3,last
1018,image,correct,1,1549.354382,7,3,lotnisko,badipret,lotnisko-badipret,101,3,last
1018,image,correct,1,1552.09849,7,3,parasol,ota,parasol-ota,102,3,last
1018,ortho,correct,1,1554.358443,7,3,cytryna,beler,cytryna-beler,103,3,last
1018,ortho,correct,1,1557.732086,7,3,stopa,uwa,stopa-uwa,104,3,last
1018,image,correct,1,1560.783642,7,3,fartuch,izodo,fartuch-izodo,105,3,last
1018,ortho,correct,1,1563.351503,7,3,butelka,chepra,butelka-chepra,106,3,last
1018,image,correct,1,1567.002811,7,3,kapelusz,stotewal,kapelusz-stotewal,107,3,last
1018,image,correct,1,1569.803173,7,3,ucho,honisa,ucho-honisa,108,3,last
1018,ortho,correct,1,1572.726177,7,3,kotwica,ezaja,kotwica-ezaja,109,3,last
1018,ortho,correct,1,1575.87909,7,3,zegarek,fena,zegarek-fena,110,3,last
1018,ortho,correct,1,1578.530445,7,3,silnik,prelata,silnik-prelata,111,3,last
1018,ortho,correct,1,1581.296651,7,3,skarpetka,seranak,skarpetka-seranak,112,3,last
1018,ortho,correct,1,1583.999153,7,3,papryka,lalum,papryka-lalum,113,3,last
1018,ortho,correct,1,1586.588034,7,3,osa,sawiko,osa-sawiko,114,3,last
1018,ortho,correct,1,1590.066146,7,3,cebula,staca,cebula-staca,115,3,last
1018,ortho,correct,1,1593.552852,7,3,homar,deba,homar-deba,116,3,last
1018,ortho,correct,1,1595.995335,7,3,owca,techar,owca-techar,117,3,last
1018,ortho,correct,1,1599.351473,7,3,gazeta,rocepra,gazeta-rocepra,118,3,last
1018,ortho,correct,1,1601.864251,7,3,koza,rojon,koza-rojon,119,3,last
1018,ortho,correct,1,1605.680909,7,3,indyk,nanoch,indyk-nanoch,120,3,last
1019,ortho,correct,1,1111.505323,6,2,cebula,seranak,cebula-seranak,1,1,not-last
1019,ortho,correct,1,1120.329023,6,2,kotwica,deba,kotwica-deba,2,1,not-last
1019,image,correct,1,1123.645186,6,2,lustro,ota,lustro-ota,3,1,not-last
1019,image,correct,1,1126.304346,6,2,palec,nedonim,palec-nedonim,4,1,not-last
1019,ortho,correct,1,1129.631483,6,2,ziemniak,beler,ziemniak-beler,5,1,not-last
1019,image,correct,1,1134.293444,6,2,jajko,ostana,jajko-ostana,6,1,not-last
1019,image,correct,1,1138.419478,6,2,papuga,nuketo,papuga-nuketo,7,1,not-last
1019,image,correct,1,1141.838262,6,2,winda,badipret,winda-badipret,8,1,not-last
1019,image,correct,1,1144.610414,6,2,krowa,obir,krowa-obir,9,1,not-last
1019,ortho,correct,1,1147.597047,6,2,stopa,pakosta,stopa-pakosta,10,1,not-last
1019,ortho,correct,1,1151.202911,6,2,krawat,lalum,krawat-lalum,11,1,not-last
1019,image,correct,1,1154.310347,6,2,wyspa,lakob,wyspa-lakob,12,1,not-last
1019,image,correct,1,1157.558903,6,2,dzwonek,owiza,dzwonek-owiza,13,1,not-last
1019,ortho,correct,1,1160.587615,6,2,gazeta,staca,gazeta-staca,14,1,not-last
1019,ortho,correct,1,1163.504373,6,2,cytryna,uwa,cytryna-uwa,15,1,not-last
1019,ortho,correct,1,1166.819699,6,2,silnik,sawiko,silnik-sawiko,16,1,not-last
1019,image,correct,1,1169.5266,6,2,torba,wema,torba-wema,17,1,not-last
1019,image,correct,1,1172.173099,6,2,ryba,debota,ryba-debota,18,1,not-last
1019,image,correct,1,1177.626581,6,2,lotnisko,nalet,lotnisko-nalet,19,1,not-last
1019,image,correct,1,1180.853715,6,2,lalka,tobyla,lalka-tobyla,20,1,not-last
1019,image,correct,1,1183.891594,6,2,dynia,alo,dynia-alo,21,1,not-last
1019,ortho,correct,1,1186.314582,6,2,homar,fena,homar-fena,22,1,not-last
1019,ortho,correct,1,1189.646095,6,2,samolot,sodem,samolot-sodem,23,1,not-last
1019,image,correct,1,1193.551297,6,2,kolano,josta,kolano-josta,24,1,not-last
1019,ortho,incorrect,0,1196.845341,6,2,osa,lazin,osa-lazin,25,1,not-last
1019,ortho,correct,1,1203.369952,6,2,zegarek,chepra,zegarek-chepra,26,1,not-last
1019,image,correct,1,1207.852449,6,2,ucho,abuset,ucho-abuset,27,1,not-last
1019,image,correct,1,1211.269044,6,2,foka,stotewal,foka-stotewal,28,1,not-last
1019,image,correct,1,1214.716822,6,2,fartuch,waben,fartuch-waben,29,1,not-last
1019,image,correct,1,1220.085507,6,2,kapelusz,abedo,kapelusz-abedo,30,1,not-last
1019,image,correct,1,1223.007608,6,2,parasol,honisa,parasol-honisa,31,1,not-last
1019,ortho,correct,1,1225.852585,6,2,butelka,prelata,butelka-prelata,32,1,not-last
1019,image,correct,1,1230.376709,6,2,kaczka,izodo,kaczka-izodo,33,1,not-last
1019,ortho,correct,1,1233.44348,6,2,papryka,pekom,papryka-pekom,34,1,not-last
1019,ortho,correct,1,1237.233938,6,2,koza,nanoch,koza-nanoch,35,1,not-last
1019,ortho,correct,1,1239.98984,6,2,mewa,ezaja,mewa-ezaja,36,1,not-last
1019,ortho,correct,1,1245.869643,6,2,skarpetka,techar,skarpetka-techar,37,1,not-last
1019,ortho,correct,1,1253.939494,6,2,oko,rojon,oko-rojon,38,1,not-last
1019,ortho,correct,1,1256.359051,6,2,owca,tanek,owca-tanek,39,1,not-last
1019,ortho,correct,1,1260.621827,6,2,indyk,rocepra,indyk-rocepra,40,1,not-last
1019,ortho,correct,1,1263.958378,6,2,cebula,seranak,cebula-seranak,41,2,last
1019,image,correct,1,1269.028255,6,2,lustro,ota,lustro-ota,42,2,last
1019,ortho,correct,1,1272.216594,6,2,kotwica,deba,kotwica-deba,43,2,last
1019,ortho,correct,1,1275.504643,6,2,ziemniak,beler,ziemniak-beler,44,2,last
1019,image,correct,1,1279.679701,6,2,palec,nedonim,palec-nedonim,45,2,last
1019,ortho,correct,1,1282.480429,6,2,stopa,pakosta,stopa-pakosta,46,2,last
1019,ortho,correct,1,1285.669574,6,2,krawat,lalum,krawat-lalum,47,2,last
1019,image,correct,1,1289.210763,6,2,jajko,ostana,jajko-ostana,48,2,last
1019,ortho,correct,1,1292.570812,6,2,gazeta,staca,gazeta-staca,49,2,last
1019,image,correct,1,1295.825708,6,2,papuga,nuketo,papuga-nuketo,50,2,last
1019,image,correct,1,1298.99111,6,2,winda,badipret,winda-badipret,51,2,last
1019,image,correct,1,1301.856389,6,2,krowa,obir,krowa-obir,52,2,last
1019,image,correct,1,1304.587098,6,2,wyspa,lakob,wyspa-lakob,53,2,last
1019,image,correct,1,1307.310925,6,2,dzwonek,owiza,dzwonek-owiza,54,2,last
1019,image,correct,1,1310.436482,6,2,torba,wema,torba-wema,55,2,last
1019,ortho,correct,1,1313.164457,6,2,cytryna,uwa,cytryna-uwa,56,2,last
1019,image,correct,1,1316.193295,6,2,ryba,debota,ryba-debota,57,2,last
1019,image,correct,1,1319.819949,6,2,lotnisko,nalet,lotnisko-nalet,58,2,last
1019,image,correct,1,1322.671334,6,2,lalka,tobyla,lalka-tobyla,59,2,last
1019,image,correct,1,1325.540953,6,2,dynia,alo,dynia-alo,60,2,last
1019,image,correct,1,1328.988478,6,2,kolano,josta,kolano-josta,61,2,last
1019,image,correct,1,1334.003537,6,2,ucho,abuset,ucho-abuset,62,2,last
1019,ortho,correct,1,1336.779107,6,2,silnik,sawiko,silnik-sawiko,63,2,last
1019,image,correct,1,1339.760157,6,2,foka,stotewal,foka-stotewal,64,2,last
1019,ortho,correct,1,1342.861353,6,2,homar,fena,homar-fena,65,2,last
1019,ortho,correct,1,1346.141209,6,2,samolot,sodem,samolot-sodem,66,2,last
1019,ortho,correct,1,1353.922797,6,2,osa,lazin,osa-lazin,67,2,last
1019,ortho,correct,1,1357.402866,6,2,zegarek,chepra,zegarek-chepra,68,2,last
1019,ortho,correct,1,1362.155952,6,2,butelka,prelata,butelka-prelata,69,2,last
1019,ortho,correct,1,1365.342626,6,2,papryka,pekom,papryka-pekom,70,2,last
1019,image,correct,1,1368.625497,6,2,fartuch,waben,fartuch-waben,71,2,last
1019,ortho,correct,1,1372.429132,6,2,koza,nanoch,koza-nanoch,72,2,last
1019,ortho,correct,1,1375.787998,6,2,mewa,ezaja,mewa-ezaja,73,2,last
1019,image,correct,1,1379.297378,6,2,kapelusz,abedo,kapelusz-abedo,74,2,last
1019,ortho,correct,1,1382.177897,6,2,skarpetka,techar,skarpetka-techar,75,2,last
1019,ortho,correct,1,1387.269824,6,2,oko,rojon,oko-rojon,76,2,last
1019,image,correct,1,1390.294704,6,2,parasol,honisa,parasol-honisa,77,2,last
1019,image,correct,1,1393.771538,6,2,kaczka,izodo,kaczka-izodo,78,2,last
1019,ortho,correct,1,1397.385691,6,2,owca,tanek,owca-tanek,79,2,last
1019,ortho,correct,1,1400.272044,6,2,indyk,rocepra,indyk-rocepra,80,2,last
1020,image,correct,1,1377.671428,6,2,lustro,ota,lustro-ota,1,1,not-last
1020,image,correct,1,1381.806106,6,2,palec,nedonim,palec-nedonim,2,1,not-last
1020,image,correct,1,1384.951895,6,2,jajko,ostana,jajko-ostana,3,1,not-last
1020,image,correct,1,1390.69819,6,2,papuga,nuketo,papuga-nuketo,4,1,not-last
1020,image,correct,1,1394.461928,6,2,winda,badipret,winda-badipret,5,1,not-last
1020,image,correct,1,1397.420969,6,2,krowa,obir,krowa-obir,6,1,not-last
1020,image,correct,1,1399.967215,6,2,wyspa,lakob,wyspa-lakob,7,1,not-last
1020,ortho,correct,1,1402.927723,6,2,cebula,seranak,cebula-seranak,8,1,not-last
1020,ortho,correct,1,1405.70786,6,2,kotwica,deba,kotwica-deba,9,1,not-last
1020,ortho,correct,1,1408.104954,6,2,ziemniak,beler,ziemniak-beler,10,1,not-last
1020,ortho,correct,1,1412.877557,6,2,stopa,pakosta,stopa-pakosta,11,1,not-last
1020,image,correct,1,1417.693529,6,2,dzwonek,owiza,dzwonek-owiza,12,1,not-last
1020,image,correct,1,1421.066381,6,2,torba,wema,torba-wema,13,1,not-last
1020,ortho,correct,1,1423.943901,6,2,krawat,lalum,krawat-lalum,14,1,not-last
1020,image,correct,1,1427.077798,6,2,ryba,debota,ryba-debota,15,1,not-last
1020,ortho,correct,1,1430.705935,6,2,gazeta,staca,gazeta-staca,16,1,not-last
1020,ortho,correct,1,1436.983667,6,2,cytryna,uwa,cytryna-uwa,17,1,not-last
1020,ortho,correct,1,1440.280284,6,2,silnik,sawiko,silnik-sawiko,18,1,not-last
1020,image,correct,1,1442.871943,6,2,lotnisko,nalet,lotnisko-nalet,19,1,not-last
1020,ortho,correct,1,1446.014316,6,2,homar,fena,homar-fena,20,1,not-last
1020,ortho,correct,1,1450.548615,6,2,samolot,sodem,samolot-sodem,21,1,not-last
1020,image,correct,1,1454.353376,6,2,lalka,tobyla,lalka-tobyla,22,1,not-last
1020,image,correct,1,1458.011566,6,2,dynia,alo,dynia-alo,23,1,not-last
1020,ortho,correct,1,1461.714294,6,2,osa,lazin,osa-lazin,24,1,not-last
1020,image,correct,1,1464.570658,6,2,kolano,josta,kolano-josta,25,1,not-last
1020,image,correct,1,1467.500333,6,2,ucho,abuset,ucho-abuset,26,1,not-last
1020,image,correct,1,1471.172516,6,2,foka,stotewal,foka-stotewal,27,1,not-last
1020,image,correct,1,1474.0026,6,2,fartuch,waben,fartuch-waben,28,1,not-last
1020,image,correct,1,1477.563046,6,2,kapelusz,abedo,kapelusz-abedo,29,1,not-last
1020,ortho,correct,1,1480.652305,6,2,zegarek,chepra,zegarek-chepra,30,1,not-last
1020,ortho,correct,1,1484.245291,6,2,butelka,prelata,butelka-prelata,31,1,not-last
1020,ortho,correct,1,1487.194778,6,2,papryka,pekom,papryka-pekom,32,1,not-last
1020,ortho,correct,1,1490.820353,6,2,koza,nanoch,koza-nanoch,33,1,not-last
1020,image,correct,1,1493.538531,6,2,parasol,honisa,parasol-honisa,34,1,not-last
1020,ortho,correct,1,1497.028657,6,2,mewa,ezaja,mewa-ezaja,35,1,not-last
1020,ortho,correct,1,1504.085248,6,2,skarpetka,techar,skarpetka-techar,36,1,not-last
1020,image,correct,1,1508.093506,6,2,kaczka,izodo,kaczka-izodo,37,1,not-last
1020,ortho,correct,1,1514.369905,6,2,oko,rojon,oko-rojon,38,1,not-last
1020,ortho,correct,1,1517.762987,6,2,owca,tanek,owca-tanek,39,1,not-last
1020,ortho,correct,1,1521.11199,6,2,indyk,rocepra,indyk-rocepra,40,1,not-last
1020,image,correct,1,1524.39429,6,2,lustro,ota,lustro-ota,41,2,last
1020,image,correct,1,1529.054545,6,2,palec,nedonim,palec-nedonim,42,2,last
1020,ortho,correct,1,1534.157691,6,2,cebula,seranak,cebula-seranak,43,2,last
1020,ortho,correct,1,1540.717181,6,2,kotwica,deba,kotwica-deba,44,2,last
1020,ortho,correct,1,1543.104747,6,2,ziemniak,beler,ziemniak-beler,45,2,last
1020,image,correct,1,1546.159164,6,2,jajko,ostana,jajko-ostana,46,2,last
1020,image,correct,1,1551.378194,6,2,papuga,nuketo,papuga-nuketo,47,2,last
1020,ortho,correct,1,1556.178664,6,2,stopa,pakosta,stopa-pakosta,48,2,last
1020,image,correct,1,1562.085298,6,2,winda,badipret,winda-badipret,49,2,last
1020,ortho,correct,1,1564.554299,6,2,krawat,lalum,krawat-lalum,50,2,last
1020,image,correct,1,1567.658553,6,2,krowa,obir,krowa-obir,51,2,last
1020,image,correct,1,1570.149575,6,2,wyspa,lakob,wyspa-lakob,52,2,last
1020,ortho,correct,1,1573.730631,6,2,gazeta,staca,gazeta-staca,53,2,last
1020,ortho,correct,1,1578.600619,6,2,cytryna,uwa,cytryna-uwa,54,2,last
1020,image,correct,1,1584.638381,6,2,dzwonek,owiza,dzwonek-owiza,55,2,last
1020,ortho,correct,1,1587.615028,6,2,silnik,sawiko,silnik-sawiko,56,2,last
1020,ortho,correct,1,1591.297795,6,2,homar,fena,homar-fena,57,2,last
1020,ortho,correct,1,1595.34343,6,2,samolot,sodem,samolot-sodem,58,2,last
1020,ortho,correct,1,1599.425717,6,2,osa,lazin,osa-lazin,59,2,last
1020,image,correct,1,1602.372089,6,2,torba,wema,torba-wema,60,2,last
1020,ortho,correct,1,1605.374246,6,2,zegarek,chepra,zegarek-chepra,61,2,last
1020,image,correct,1,1607.959908,6,2,ryba,debota,ryba-debota,62,2,last
1020,ortho,correct,1,1610.859163,6,2,butelka,prelata,butelka-prelata,63,2,last
1020,image,correct,1,1614.243455,6,2,lotnisko,nalet,lotnisko-nalet,64,2,last
1020,image,correct,1,1617.330805,6,2,lalka,tobyla,lalka-tobyla,65,2,last
1020,image,correct,1,1621.342626,6,2,dynia,alo,dynia-alo,66,2,last
1020,image,correct,1,1623.785992,6,2,kolano,josta,kolano-josta,67,2,last
1020,ortho,correct,1,1626.639351,6,2,papryka,pekom,papryka-pekom,68,2,last
1020,image,correct,1,1629.672309,6,2,ucho,abuset,ucho-abuset,69,2,last
1020,ortho,correct,1,1632.415737,6,2,koza,nanoch,koza-nanoch,70,2,last
1020,image,correct,1,1635.025275,6,2,foka,stotewal,foka-stotewal,71,2,last
1020,image,correct,1,1637.541834,6,2,fartuch,waben,fartuch-waben,72,2,last
1020,ortho,correct,1,1641.069069,6,2,mewa,ezaja,mewa-ezaja,73,2,last
1020,image,correct,1,1644.206682,6,2,kapelusz,abedo,kapelusz-abedo,74,2,last
1020,ortho,correct,1,1646.537508,6,2,skarpetka,techar,skarpetka-techar,75,2,last
1020,image,correct,1,1649.691034,6,2,parasol,honisa,parasol-honisa,76,2,last
1020,image,correct,1,1652.075155,6,2,kaczka,izodo,kaczka-izodo,77,2,last
1020,ortho,correct,1,1655.084325,6,2,oko,rojon,oko-rojon,78,2,last
1020,ortho,correct,1,1657.511561,6,2,owca,tanek,owca-tanek,79,2,last
1020,ortho,correct,1,1660.343193,6,2,indyk,rocepra,indyk-rocepra,80,2,last
1021,image,correct,1,1241.155093,9,5,lustro,ota,lustro-ota,1,1,not-last
1021,image,correct,1,1247.250387,9,5,lustro,ota,lustro-ota,2,1,not-last
1021,image,correct,1,1250.423239,9,5,palec,nedonim,palec-nedonim,3,1,not-last
1021,image,correct,1,1253.029898,9,5,palec,nedonim,palec-nedonim,4,1,not-last
1021,image,correct,1,1255.868729,9,5,jajko,ostana,jajko-ostana,5,1,not-last
1021,image,correct,1,1259.053231,9,5,jajko,ostana,jajko-ostana,6,1,not-last
1021,ortho,incorrect,0,1261.588987,9,5,papuga,nuketo,papuga-nuketo,7,1,not-last
1021,image,correct,1,1271.772038,9,5,papuga,nuketo,papuga-nuketo,8,1,not-last
1021,ortho,correct,1,1277.496866,9,5,winda,badipret,winda-badipret,9,1,not-last
1021,image,correct,1,1281.632139,9,5,winda,badipret,winda-badipret,10,1,not-last
1021,ortho,incorrect,0,1287.773164,9,5,krowa,obir,krowa-obir,11,1,not-last
1021,image,correct,1,1297.218006,9,5,krowa,obir,krowa-obir,12,1,not-last
1021,image,correct,1,1302.008462,9,5,cebula,seranak,cebula-seranak,13,1,not-last
1021,ortho,correct,1,1305.374434,9,5,cebula,seranak,cebula-seranak,14,1,not-last
1021,ortho,correct,1,1311.735039,9,5,wyspa,lakob,wyspa-lakob,15,1,not-last
1021,ortho,correct,1,1316.031703,9,5,wyspa,lakob,wyspa-lakob,16,1,not-last
1021,ortho,incorrect,0,1320.492063,9,5,kotwica,deba,kotwica-deba,17,1,not-last
1021,ortho,correct,1,1329.828687,9,5,kotwica,deba,kotwica-deba,18,1,not-last
1021,ortho,correct,1,1333.514828,9,5,dzwonek,owiza,dzwonek-owiza,19,1,not-last
1021,ortho,correct,1,1336.258117,9,5,dzwonek,owiza,dzwonek-owiza,20,1,not-last
1021,image,correct,1,1339.890849,9,5,ziemniak,beler,ziemniak-beler,21,1,not-last
1021,image,correct,1,1342.658254,9,5,ziemniak,beler,ziemniak-beler,22,1,not-last
1021,ortho,correct,1,1345.785914,9,5,torba,wema,torba-wema,23,1,not-last
1021,ortho,correct,1,1352.218526,9,5,torba,wema,torba-wema,24,1,not-last
1021,ortho,correct,1,1356.612838,9,5,ryba,debota,ryba-debota,25,1,not-last
1021,image,correct,1,1362.448286,9,5,ryba,debota,ryba-debota,26,1,not-last
1021,image,correct,1,1365.021962,9,5,stopa,pakosta,stopa-pakosta,27,1,not-last
1021,ortho,correct,1,1367.488395,9,5,stopa,pakosta,stopa-pakosta,28,1,not-last
1021,ortho,correct,1,1370.766702,9,5,krawat,lalum,krawat-lalum,29,1,not-last
1021,image,correct,1,1376.322134,9,5,krawat,lalum,krawat-lalum,30,1,not-last
1021,ortho,correct,1,1379.391967,9,5,gazeta,staca,gazeta-staca,31,1,not-last
1021,image,correct,1,1382.935407,9,5,gazeta,staca,gazeta-staca,32,1,not-last
1021,ortho,incorrect,0,1385.54548,9,5,cytryna,uwa,cytryna-uwa,33,1,not-last
1021,ortho,correct,1,1391.924842,9,5,cytryna,uwa,cytryna-uwa,34,1,not-last
1021,image,correct,1,1395.995764,9,5,silnik,sawiko,silnik-sawiko,35,1,not-last
1021,image,correct,1,1398.66753,9,5,silnik,sawiko,silnik-sawiko,36,1,not-last
1021,image,correct,1,1401.516944,9,5,homar,fena,homar-fena,37,1,not-last
1021,ortho,incorrect,0,1403.821071,9,5,homar,fena,homar-fena,38,1,not-last
1021,image,correct,1,1414.054106,9,5,samolot,sodem,samolot-sodem,39,1,not-last
1021,ortho,incorrect,0,1417.764171,9,5,samolot,sodem,samolot-sodem,40,1,not-last
1021,image,correct,1,1424.155673,9,5,lotnisko,nalet,lotnisko-nalet,41,2,not-last
1021,ortho,incorrect,0,1426.985995,9,5,lotnisko,nalet,lotnisko-nalet,42,2,not-last
1021,image,correct,1,1436.877376,9,5,lalka,tobyla,lalka-tobyla,43,2,not-last
1021,image,correct,1,1439.938768,9,5,lalka,tobyla,lalka-tobyla,44,2,not-last
1021,ortho,correct,1,1442.845657,9,5,osa,lazin,osa-lazin,45,2,not-last
1021,ortho,incorrect,0,1445.671652,9,5,osa,lazin,osa-lazin,46,2,not-last
1021,ortho,correct,1,1457.200181,9,5,zegarek,chepra,zegarek-chepra,47,2,not-last
1021,ortho,correct,1,1461.507508,9,5,zegarek,chepra,zegarek-chepra,48,2,not-last
1021,ortho,correct,1,1464.82425,9,5,butelka,prelata,butelka-prelata,49,2,not-last
1021,image,correct,1,1468.155893,9,5,butelka,prelata,butelka-prelata,50,2,not-last
1021,ortho,correct,1,1471.005765,9,5,dynia,alo,dynia-alo,51,2,not-last
1021,image,correct,1,1483.985875,9,5,dynia,alo,dynia-alo,52,2,not-last
1021,image,correct,1,1487.726678,9,5,kolano,josta,kolano-josta,53,2,not-last
1021,image,correct,1,1490.102417,9,5,kolano,josta,kolano-josta,54,2,not-last
1021,image,correct,1,1493.465872,9,5,papryka,pekom,papryka-pekom,55,2,not-last
1021,image,correct,1,1496.978583,9,5,papryka,pekom,papryka-pekom,56,2,not-last
1021,ortho,correct,1,1499.040616,9,5,koza,nanoch,koza-nanoch,57,2,not-last
1021,ortho,correct,1,1502.180588,9,5,koza,nanoch,koza-nanoch,58,2,not-last
1021,ortho,correct,1,1504.44317,9,5,ucho,abuset,ucho-abuset,59,2,not-last
1021,ortho,correct,1,1508.774612,9,5,ucho,abuset,ucho-abuset,60,2,not-last
1021,ortho,correct,1,1517.897067,9,5,mewa,ezaja,mewa-ezaja,61,2,not-last
1021,ortho,correct,1,1521.531339,9,5,mewa,ezaja,mewa-ezaja,62,2,not-last
1021,ortho,correct,1,1524.628324,9,5,foka,stotewal,foka-stotewal,63,2,not-last
1021,image,correct,1,1527.833001,9,5,foka,stotewal,foka-stotewal,64,2,not-last
1021,image,correct,1,1530.581465,9,5,skarpetka,techar,skarpetka-techar,65,2,not-last
1021,ortho,correct,1,1533.024133,9,5,skarpetka,techar,skarpetka-techar,66,2,not-last
1021,ortho,correct,1,1536.762322,9,5,oko,rojon,oko-rojon,67,2,not-last
1021,ortho,correct,1,1540.625642,9,5,oko,rojon,oko-rojon,68,2,not-last
1021,ortho,correct,1,1546.560984,9,5,fartuch,waben,fartuch-waben,69,2,not-last
1021,image,correct,1,1548.979002,9,5,fartuch,waben,fartuch-waben,70,2,not-last
1021,ortho,incorrect,0,1552.040773,9,5,kapelusz,abedo,kapelusz-abedo,71,2,not-last
1021,ortho,correct,1,1560.683434,9,5,kapelusz,abedo,kapelusz-abedo,72,2,not-last
1021,image,correct,1,1567.680631,9,5,parasol,honisa,parasol-honisa,73,2,not-last
1021,image,correct,1,1569.785321,9,5,parasol,honisa,parasol-honisa,74,2,not-last
1021,image,correct,1,1572.423388,9,5,owca,tanek,owca-tanek,75,2,not-last
1021,image,correct,1,1574.446933,9,5,owca,tanek,owca-tanek,76,2,not-last
1021,image,correct,1,1577.432519,9,5,kaczka,izodo,kaczka-izodo,77,2,not-last
1021,image,correct,1,1579.561219,9,5,kaczka,izodo,kaczka-izodo,78,2,not-last
1021,image,correct,1,1582.489189,9,5,indyk,rocepra,indyk-rocepra,79,2,not-last
1021,image,correct,1,1585.136339,9,5,indyk,rocepra,indyk-rocepra,80,2,not-last
1021,ortho,correct,1,1587.829271,9,5,lustro,ota,lustro-ota,81,3,not-last
1021,ortho,correct,1,1604.609849,9,5,cebula,seranak,cebula-seranak,82,3,not-last
1021,ortho,correct,1,1607.153473,9,5,palec,nedonim,palec-nedonim,83,3,not-last
1021,ortho,correct,1,1614.818184,9,5,jajko,ostana,jajko-ostana,84,3,not-last
1021,ortho,correct,1,1619.091348,9,5,kotwica,deba,kotwica-deba,85,3,not-last
1021,image,correct,1,1621.692144,9,5,ziemniak,beler,ziemniak-beler,86,3,not-last
1021,ortho,correct,1,1623.611752,9,5,stopa,pakosta,stopa-pakosta,87,3,not-last
1021,ortho,correct,1,1627.504132,9,5,krawat,lalum,krawat-lalum,88,3,not-last
1021,ortho,correct,1,1632.480361,9,5,gazeta,staca,gazeta-staca,89,3,not-last
1021,image,correct,1,1634.766265,9,5,papuga,nuketo,papuga-nuketo,90,3,not-last
1021,image,correct,1,1637.108591,9,5,cytryna,uwa,cytryna-uwa,91,3,not-last
1021,ortho,correct,1,1640.160278,9,5,winda,badipret,winda-badipret,92,3,not-last
1021,ortho,correct,1,1642.593188,9,5,krowa,obir,krowa-obir,93,3,not-last
1021,ortho,incorrect,0,1646.491734,9,5,wyspa,lakob,wyspa-lakob,94,3,not-last
1021,ortho,correct,1,1660.539733,9,5,dzwonek,owiza,dzwonek-owiza,95,3,not-last
1021,ortho,correct,1,1667.065565,9,5,torba,wema,torba-wema,96,3,not-last
1021,ortho,correct,1,1670.28212,9,5,silnik,sawiko,silnik-sawiko,97,3,not-last
1021,ortho,correct,1,1672.593506,9,5,homar,fena,homar-fena,98,3,not-last
1021,image,correct,1,1675.310075,9,5,samolot,sodem,samolot-sodem,99,3,not-last
1021,ortho,correct,1,1678.459065,9,5,osa,lazin,osa-lazin,100,3,not-last
1021,image,correct,1,1680.920859,9,5,zegarek,chepra,zegarek-chepra,101,3,not-last
1021,image,correct,1,1683.013033,9,5,butelka,prelata,butelka-prelata,102,3,not-last
1021,ortho,correct,1,1685.419011,9,5,papryka,pekom,papryka-pekom,103,3,not-last
1021,ortho,correct,1,1698.128749,9,5,ryba,debota,ryba-debota,104,3,not-last
1021,image,correct,1,1700.71007,9,5,lotnisko,nalet,lotnisko-nalet,105,3,not-last
1021,ortho,incorrect,0,1702.998956,9,5,koza,nanoch,koza-nanoch,106,3,not-last
1021,ortho,correct,1,1712.321813,9,5,mewa,ezaja,mewa-ezaja,107,3,not-last
1021,image,correct,1,1720.821556,9,5,skarpetka,techar,skarpetka-techar,108,3,not-last
1021,image,correct,1,1724.289402,9,5,oko,rojon,oko-rojon,109,3,not-last
1021,image,correct,1,1726.422284,9,5,lalka,tobyla,lalka-tobyla,110,3,not-last
1021,image,correct,1,1728.57315,9,5,owca,tanek,owca-tanek,111,3,not-last
1021,image,correct,1,1730.635783,9,5,indyk,rocepra,indyk-rocepra,112,3,not-last
1021,image,correct,1,1732.864379,9,5,dynia,alo,dynia-alo,113,3,not-last
1021,image,correct,1,1734.955701,9,5,kolano,josta,kolano-josta,114,3,not-last
1021,image,correct,1,1737.370547,9,5,ucho,abuset,ucho-abuset,115,3,not-last
1021,image,correct,1,1739.819673,9,5,foka,stotewal,foka-stotewal,116,3,not-last
1021,image,correct,1,1742.003574,9,5,fartuch,waben,fartuch-waben,117,3,not-last
1021,image,correct,1,1744.012388,9,5,kapelusz,abedo,kapelusz-abedo,118,3,not-last
1021,image,correct,1,1746.02444,9,5,parasol,honisa,parasol-honisa,119,3,not-last
1021,image,correct,1,1748.390066,9,5,kaczka,izodo,kaczka-izodo,120,3,not-last
1021,ortho,correct,1,1751.514605,9,5,cebula,seranak,cebula-seranak,121,4,not-last
1021,image,correct,1,1772.830477,9,5,kotwica,deba,kotwica-deba,122,4,not-last
1021,image,correct,1,1775.715749,9,5,ziemniak,beler,ziemniak-beler,123,4,not-last
1021,image,correct,1,1778.825926,9,5,stopa,pakosta,stopa-pakosta,124,4,not-last
1021,ortho,correct,1,1781.456605,9,5,krawat,lalum,krawat-lalum,125,4,not-last
1021,image,correct,1,1783.604889,9,5,lustro,ota,lustro-ota,126,4,not-last
1021,image,correct,1,1787.821938,9,5,gazeta,staca,gazeta-staca,127,4,not-last
1021,image,correct,1,1790.145635,9,5,cytryna,uwa,cytryna-uwa,128,4,not-last
1021,ortho,incorrect,0,1792.577098,9,5,silnik,sawiko,silnik-sawiko,129,4,not-last
1021,image,correct,1,1799.863135,9,5,palec,nedonim,palec-nedonim,130,4,not-last
1021,image,correct,1,1805.124659,9,5,jajko,ostana,jajko-ostana,131,4,not-last
1021,ortho,correct,1,1807.758013,9,5,homar,fena,homar-fena,132,4,not-last
1021,ortho,correct,1,1810.874605,9,5,samolot,sodem,samolot-sodem,133,4,not-last
1021,ortho,correct,1,1813.429763,9,5,osa,lazin,osa-lazin,134,4,not-last
1021,image,correct,1,1815.779836,9,5,zegarek,chepra,zegarek-chepra,135,4,not-last
1021,image,correct,1,1818.364627,9,5,butelka,prelata,butelka-prelata,136,4,not-last
1021,ortho,correct,1,1820.475611,9,5,papryka,pekom,papryka-pekom,137,4,not-last
1021,image,correct,1,1822.944945,9,5,koza,nanoch,koza-nanoch,138,4,not-last
1021,ortho,correct,1,1824.875394,9,5,papuga,nuketo,papuga-nuketo,139,4,not-last
1021,ortho,correct,1,1827.810671,9,5,mewa,ezaja,mewa-ezaja,140,4,not-last
1021,image,correct,1,1830.003856,9,5,winda,badipret,winda-badipret,141,4,not-last
1021,ortho,correct,1,1832.254779,9,5,krowa,obir,krowa-obir,142,4,not-last
1021,image,correct,1,1835.158126,9,5,skarpetka,techar,skarpetka-techar,143,4,not-last
1021,image,correct,1,1837.149777,9,5,oko,rojon,oko-rojon,144,4,not-last
1021,ortho,incorrect,0,1839.071761,9,5,wyspa,lakob,wyspa-lakob,145,4,not-last
1021,image,correct,1,1843.333473,9,5,owca,tanek,owca-tanek,146,4,not-last
1021,ortho,correct,1,1845.882551,9,5,indyk,rocepra,indyk-rocepra,147,4,not-last
1021,ortho,correct,1,1848.166224,9,5,dzwonek,owiza,dzwonek-owiza,148,4,not-last
1021,image,correct,1,1850.871936,9,5,torba,wema,torba-wema,149,4,not-last
1021,image,correct,1,1853.095671,9,5,ryba,debota,ryba-debota,150,4,not-last
1021,image,correct,1,1855.609633,9,5,lotnisko,nalet,lotnisko-nalet,151,4,not-last
1021,ortho,correct,1,1857.832377,9,5,lalka,tobyla,lalka-tobyla,152,4,not-last
1021,image,correct,1,1860.673467,9,5,dynia,alo,dynia-alo,153,4,not-last
1021,ortho,correct,1,1862.775383,9,5,kolano,josta,kolano-josta,154,4,not-last
1021,ortho,correct,1,1864.765141,9,5,ucho,abuset,ucho-abuset,155,4,not-last
1021,ortho,correct,1,1867.463232,9,5,foka,stotewal,foka-stotewal,156,4,not-last
1021,image,correct,1,1871.25772,9,5,fartuch,waben,fartuch-waben,157,4,not-last
1021,ortho,correct,1,1873.59675,9,5,kapelusz,abedo,kapelusz-abedo,158,4,not-last
1021,ortho,correct,1,1876.271412,9,5,parasol,honisa,parasol-honisa,159,4,not-last
1021,ortho,correct,1,1879.288993,9,5,kaczka,izodo,kaczka-izodo,160,4,not-last
1021,ortho,correct,1,1885.007559,9,5,cebula,seranak,cebula-seranak,161,5,last
1021,ortho,correct,1,1893.309706,9,5,lustro,ota,lustro-ota,162,5,last
1021,image,correct,1,1895.763791,9,5,palec,nedonim,palec-nedonim,163,5,last
1021,ortho,correct,1,1897.704015,9,5,jajko,ostana,jajko-ostana,164,5,last
1021,ortho,correct,1,1907.736056,9,5,kotwica,deba,kotwica-deba,165,5,last
1021,ortho,correct,1,1910.055529,9,5,papuga,nuketo,papuga-nuketo,166,5,last
1021,image,correct,1,1912.504524,9,5,winda,badipret,winda-badipret,167,5,last
1021,image,correct,1,1915.416724,9,5,krowa,obir,krowa-obir,168,5,last
1021,ortho,correct,1,1918.866251,9,5,ziemniak,beler,ziemniak-beler,169,5,last
1021,image,correct,1,1927.279567,9,5,wyspa,lakob,wyspa-lakob,170,5,last
1021,ortho,correct,1,1930.034292,9,5,dzwonek,owiza,dzwonek-owiza,171,5,last
1021,image,correct,1,1932.311497,9,5,stopa,pakosta,stopa-pakosta,172,5,last
1021,ortho,correct,1,1934.619643,9,5,krawat,lalum,krawat-lalum,173,5,last
1021,image,correct,1,1940.600614,9,5,gazeta,staca,gazeta-staca,174,5,last
1021,ortho,correct,1,1943.809993,9,5,torba,wema,torba-wema,175,5,last
1021,image,correct,1,1946.020783,9,5,ryba,debota,ryba-debota,176,5,last
1021,ortho,correct,1,1950.607387,9,5,cytryna,uwa,cytryna-uwa,177,5,last
1021,image,correct,1,1954.284826,9,5,lotnisko,nalet,lotnisko-nalet,178,5,last
1021,ortho,correct,1,1957.72516,9,5,silnik,sawiko,silnik-sawiko,179,5,last
1021,image,correct,1,1959.845867,9,5,homar,fena,homar-fena,180,5,last
1021,ortho,correct,1,1961.944765,9,5,lalka,tobyla,lalka-tobyla,181,5,last
1021,ortho,correct,1,1965.023334,9,5,samolot,sodem,samolot-sodem,182,5,last
1021,ortho,correct,1,1967.690471,9,5,dynia,alo,dynia-alo,183,5,last
1021,ortho,correct,1,1970.541804,9,5,kolano,josta,kolano-josta,184,5,last
1021,image,correct,1,1973.148853,9,5,osa,lazin,osa-lazin,185,5,last
1021,image,correct,1,1975.471313,9,5,ucho,abuset,ucho-abuset,186,5,last
1021,image,correct,1,1977.478317,9,5,zegarek,chepra,zegarek-chepra,187,5,last
1021,ortho,correct,1,1980.209303,9,5,butelka,prelata,butelka-prelata,188,5,last
1021,ortho,correct,1,1982.617044,9,5,foka,stotewal,foka-stotewal,189,5,last
1021,ortho,correct,1,1988.670768,9,5,fartuch,waben,fartuch-waben,190,5,last
1021,image,correct,1,1990.998042,9,5,kapelusz,abedo,kapelusz-abedo,191,5,last
1021,image,correct,1,1993.203589,9,5,papryka,pekom,papryka-pekom,192,5,last
1021,image,correct,1,1995.584398,9,5,parasol,honisa,parasol-honisa,193,5,last
1021,ortho,correct,1,1997.81111,9,5,koza,nanoch,koza-nanoch,194,5,last
1021,ortho,correct,1,2000.836817,9,5,mewa,ezaja,mewa-ezaja,195,5,last
1021,image,correct,1,2004.172304,9,5,skarpetka,techar,skarpetka-techar,196,5,last
1021,image,correct,1,2006.317491,9,5,kaczka,izodo,kaczka-izodo,197,5,last
1021,image,correct,1,2008.213561,9,5,oko,rojon,oko-rojon,198,5,last
1021,image,correct,1,2010.376117,9,5,owca,tanek,owca-tanek,199,5,last
1021,image,correct,1,2012.641647,9,5,indyk,rocepra,indyk-rocepra,200,5,last
1022,ortho,correct,1,1188.70761,6,2,cebula,seranak,cebula-seranak,1,1,not-last
1022,image,correct,1,1195.670158,6,2,lustro,ota,lustro-ota,2,1,not-last
1022,ortho,correct,1,1200.156588,6,2,kotwica,deba,kotwica-deba,3,1,not-last
1022,ortho,correct,1,1203.43044,6,2,ziemniak,beler,ziemniak-beler,4,1,not-last
1022,image,correct,1,1207.65302,6,2,palec,nedonim,palec-nedonim,5,1,not-last
1022,image,correct,1,1210.863465,6,2,jajko,ostana,jajko-ostana,6,1,not-last
1022,ortho,correct,1,1214.356151,6,2,stopa,pakosta,stopa-pakosta,7,1,not-last
1022,image,correct,1,1219.304122,6,2,papuga,nuketo,papuga-nuketo,8,1,not-last
1022,ortho,correct,1,1222.673584,6,2,krawat,lalum,krawat-lalum,9,1,not-last
1022,image,correct,1,1226.136418,6,2,winda,badipret,winda-badipret,10,1,not-last
1022,image,correct,1,1230.031937,6,2,krowa,obir,krowa-obir,11,1,not-last
1022,ortho,incorrect,0,1233.659904,6,2,gazeta,staca,gazeta-staca,12,1,not-last
1022,image,correct,1,1239.558493,6,2,wyspa,lakob,wyspa-lakob,13,1,not-last
1022,ortho,correct,1,1243.523566,6,2,cytryna,uwa,cytryna-uwa,14,1,not-last
1022,ortho,correct,1,1247.764388,6,2,silnik,sawiko,silnik-sawiko,15,1,not-last
1022,image,correct,1,1252.02108,6,2,dzwonek,owiza,dzwonek-owiza,16,1,not-last
1022,ortho,correct,1,1259.524743,6,2,homar,fena,homar-fena,17,1,not-last
1022,image,correct,1,1267.690573,6,2,torba,wema,torba-wema,18,1,not-last
1022,ortho,correct,1,1270.645073,6,2,samolot,sodem,samolot-sodem,19,1,not-last
1022,image,correct,1,1273.923071,6,2,ryba,debota,ryba-debota,20,1,not-last
1022,image,correct,1,1276.658851,6,2,lotnisko,nalet,lotnisko-nalet,21,1,not-last
1022,ortho,correct,1,1280.142402,6,2,osa,lazin,osa-lazin,22,1,not-last
1022,ortho,correct,1,1284.834354,6,2,zegarek,chepra,zegarek-chepra,23,1,not-last
1022,ortho,correct,1,1288.208151,6,2,butelka,prelata,butelka-prelata,24,1,not-last
1022,image,correct,1,1297.6109,6,2,lalka,tobyla,lalka-tobyla,25,1,not-last
1022,image,correct,1,1303.552285,6,2,dynia,alo,dynia-alo,26,1,not-last
1022,image,correct,1,1307.18387,6,2,kolano,josta,kolano-josta,27,1,not-last
1022,ortho,correct,1,1320.79517,6,2,papryka,pekom,papryka-pekom,28,1,not-last
1022,ortho,correct,1,1325.517924,6,2,koza,nanoch,koza-nanoch,29,1,not-last
1022,image,correct,1,1329.691189,6,2,ucho,abuset,ucho-abuset,30,1,not-last
1022,image,correct,1,1332.903355,6,2,foka,stotewal,foka-stotewal,31,1,not-last
1022,image,correct,1,1338.566889,6,2,fartuch,waben,fartuch-waben,32,1,not-last
1022,image,correct,1,1342.500349,6,2,kapelusz,abedo,kapelusz-abedo,33,1,not-last
1022,ortho,correct,1,1345.594834,6,2,mewa,ezaja,mewa-ezaja,34,1,not-last
1022,ortho,incorrect,0,1348.978152,6,2,skarpetka,techar,skarpetka-techar,35,1,not-last
1022,ortho,correct,1,1354.201335,6,2,oko,rojon,oko-rojon,36,1,not-last
1022,ortho,correct,1,1357.557366,6,2,owca,tanek,owca-tanek,37,1,not-last
1022,ortho,correct,1,1361.035922,6,2,indyk,rocepra,indyk-rocepra,38,1,not-last
1022,image,correct,1,1364.269488,6,2,parasol,honisa,parasol-honisa,39,1,not-last
1022,image,correct,1,1367.519839,6,2,kaczka,izodo,kaczka-izodo,40,1,not-last
1022,image,correct,1,1371.053961,6,2,lustro,ota,lustro-ota,41,2,last
1022,ortho,correct,1,1373.880793,6,2,cebula,seranak,cebula-seranak,42,2,last
1022,image,correct,1,1378.978085,6,2,palec,nedonim,palec-nedonim,43,2,last
1022,ortho,correct,1,1381.651654,6,2,kotwica,deba,kotwica-deba,44,2,last
1022,ortho,correct,1,1385.306319,6,2,ziemniak,beler,ziemniak-beler,45,2,last
1022,image,correct,1,1389.042027,6,2,jajko,ostana,jajko-ostana,46,2,last
1022,image,correct,1,1392.689072,6,2,papuga,nuketo,papuga-nuketo,47,2,last
1022,ortho,correct,1,1395.662865,6,2,stopa,pakosta,stopa-pakosta,48,2,last
1022,image,correct,1,1404.159783,6,2,winda,badipret,winda-badipret,49,2,last
1022,ortho,correct,1,1407.496793,6,2,krawat,lalum,krawat-lalum,50,2,last
1022,ortho,correct,1,1415.219893,6,2,gazeta,staca,gazeta-staca,51,2,last
1022,image,correct,1,1419.397872,6,2,krowa,obir,krowa-obir,52,2,last
1022,ortho,correct,1,1422.134974,6,2,cytryna,uwa,cytryna-uwa,53,2,last
1022,image,correct,1,1425.63539,6,2,wyspa,lakob,wyspa-lakob,54,2,last
1022,image,correct,1,1428.419853,6,2,dzwonek,owiza,dzwonek-owiza,55,2,last
1022,image,correct,1,1432.678481,6,2,torba,wema,torba-wema,56,2,last
1022,image,correct,1,1436.122392,6,2,ryba,debota,ryba-debota,57,2,last
1022,image,correct,1,1439.806867,6,2,lotnisko,nalet,lotnisko-nalet,58,2,last
1022,ortho,correct,1,1444.049511,6,2,silnik,sawiko,silnik-sawiko,59,2,last
1022,image,correct,1,1447.497683,6,2,lalka,tobyla,lalka-tobyla,60,2,last
1022,ortho,correct,1,1451.240708,6,2,homar,fena,homar-fena,61,2,last
1022,ortho,correct,1,1456.705866,6,2,samolot,sodem,samolot-sodem,62,2,last
1022,ortho,correct,1,1460.111901,6,2,osa,lazin,osa-lazin,63,2,last
1022,image,correct,1,1464.086869,6,2,dynia,alo,dynia-alo,64,2,last
1022,image,correct,1,1466.904697,6,2,kolano,josta,kolano-josta,65,2,last
1022,image,correct,1,1469.745736,6,2,ucho,abuset,ucho-abuset,66,2,last
1022,image,correct,1,1472.76326,6,2,foka,stotewal,foka-stotewal,67,2,last
1022,ortho,correct,1,1475.876244,6,2,zegarek,chepra,zegarek-chepra,68,2,last
1022,image,correct,1,1479.004167,6,2,fartuch,waben,fartuch-waben,69,2,last
1022,image,correct,1,1482.139845,6,2,kapelusz,abedo,kapelusz-abedo,70,2,last
1022,ortho,correct,1,1485.418502,6,2,butelka,prelata,butelka-prelata,71,2,last
1022,ortho,correct,1,1490.140458,6,2,papryka,pekom,papryka-pekom,72,2,last
1022,ortho,correct,1,1493.254768,6,2,koza,nanoch,koza-nanoch,73,2,last
1022,ortho,correct,1,1497.673542,6,2,mewa,ezaja,mewa-ezaja,74,2,last
1022,image,correct,1,1501.212216,6,2,parasol,honisa,parasol-honisa,75,2,last
1022,image,correct,1,1503.958052,6,2,kaczka,izodo,kaczka-izodo,76,2,last
1022,ortho,correct,1,1507.012869,6,2,skarpetka,techar,skarpetka-techar,77,2,last
1022,ortho,correct,1,1511.292363,6,2,oko,rojon,oko-rojon,78,2,last
1022,ortho,correct,1,1515.140295,6,2,owca,tanek,owca-tanek,79,2,last
1022,ortho,correct,1,1517.981198,6,2,indyk,rocepra,indyk-rocepra,80,2,last
1023,ortho,incorrect,0,1550.750768,6,2,homar,pekom,homar-pekom,1,1,not-last
1023,ortho,correct,1,1560.273191,6,2,cytryna,staca,cytryna-staca,2,1,not-last
1023,ortho,correct,1,1564.286547,6,2,silnik,pakosta,silnik-pakosta,3,1,not-last
1023,ortho,correct,1,1567.936862,6,2,osa,sodem,osa-sodem,4,1,not-last
1023,image,correct,1,1572.328977,6,2,dynia,badipret,dynia-badipret,5,1,not-last
1023,image,incorrect,0,1576.919827,6,2,kapelusz,ostana,kapelusz-ostana,6,1,not-last
1023,image,correct,1,1588.386079,6,2,parasol,alo,parasol-alo,7,1,not-last
1023,ortho,correct,1,1591.944074,6,2,stopa,seranak,stopa-seranak,8,1,not-last
1023,image,correct,1,1599.074755,6,2,ucho,debota,ucho-debota,9,1,not-last
1023,image,correct,1,1603.667779,6,2,wyspa,ota,wyspa-ota,10,1,not-last
1023,image,incorrect,0,1607.43029,6,2,fartuch,abedo,fartuch-abedo,11,1,not-last
1023,image,correct,1,1621.634533,6,2,kolano,izodo,kolano-izodo,12,1,not-last
1023,ortho,correct,1,1625.556223,6,2,cebula,chepra,cebula-chepra,13,1,not-last
1023,image,correct,1,1629.325614,6,2,papuga,abuset,papuga-abuset,14,1,not-last
1023,image,correct,1,1637.151348,6,2,foka,nalet,foka-nalet,15,1,not-last
1023,image,correct,1,1643.518424,6,2,winda,wema,winda-wema,16,1,not-last
1023,ortho,correct,1,1647.626888,6,2,mewa,lazin,mewa-lazin,17,1,not-last
1023,ortho,correct,1,1654.369503,6,2,koza,ezaja,koza-ezaja,18,1,not-last
1023,image,correct,1,1658.907434,6,2,kaczka,stotewal,kaczka-stotewal,19,1,not-last
1023,ortho,correct,1,1663.414447,6,2,kotwica,lalum,kotwica-lalum,20,1,not-last
1023,image,correct,1,1666.974583,6,2,lustro,tobyla,lustro-tobyla,21,1,not-last
1023,ortho,correct,1,1670.408236,6,2,owca,sawiko,owca-sawiko,22,1,not-last
1023,ortho,correct,1,1674.017735,6,2,skarpetka,prelata,skarpetka-prelata,23,1,not-last
1023,image,correct,1,1679.33776,6,2,dzwonek,waben,dzwonek-waben,24,1,not-last
1023,image,correct,1,1683.218885,6,2,krowa,nedonim,krowa-nedonim,25,1,not-last
1023,ortho,correct,1,1688.580677,6,2,krawat,rojon,krawat-rojon,26,1,not-last
1023,ortho,correct,1,1693.136431,6,2,zegarek,beler,zegarek-beler,27,1,not-last
1023,image,correct,1,1696.698611,6,2,ryba,lakob,ryba-lakob,28,1,not-last
1023,ortho,correct,1,1699.92861,6,2,papryka,nanoch,papryka-nanoch,29,1,not-last
1023,ortho,correct,1,1703.968356,6,2,gazeta,fena,gazeta-fena,30,1,not-last
1023,ortho,correct,1,1707.268197,6,2,ziemniak,rocepra,ziemniak-rocepra,31,1,not-last
1023,image,correct,1,1712.057433,6,2,palec,owiza,palec-owiza,32,1,not-last
1023,ortho,correct,1,1715.412736,6,2,indyk,deba,indyk-deba,33,1,not-last
1023,image,correct,1,1718.577417,6,2,torba,honisa,torba-honisa,34,1,not-last
1023,image,correct,1,1721.60505,6,2,jajko,obir,jajko-obir,35,1,not-last
1023,image,correct,1,1725.451796,6,2,lalka,josta,lalka-josta,36,1,not-last
1023,image,correct,1,1728.358933,6,2,lotnisko,nuketo,lotnisko-nuketo,37,1,not-last
1023,ortho,correct,1,1731.982733,6,2,butelka,uwa,butelka-uwa,38,1,not-last
1023,ortho,correct,1,1735.40242,6,2,samolot,techar,samolot-techar,39,1,not-last
1023,ortho,correct,1,1738.758048,6,2,oko,tanek,oko-tanek,40,1,not-last
1023,ortho,correct,1,1741.854475,6,2,homar,pekom,homar-pekom,41,2,last
1023,ortho,correct,1,1747.983434,6,2,cytryna,staca,cytryna-staca,42,2,last
1023,ortho,correct,1,1750.829807,6,2,silnik,pakosta,silnik-pakosta,43,2,last
1023,image,correct,1,1753.79181,6,2,dynia,badipret,dynia-badipret,44,2,last
1023,image,correct,1,1757.96845,6,2,kapelusz,ostana,kapelusz-ostana,45,2,last
1023,ortho,correct,1,1764.321648,6,2,osa,sodem,osa-sodem,46,2,last
1023,ortho,correct,1,1768.2383,6,2,stopa,seranak,stopa-seranak,47,2,last
1023,ortho,correct,1,1771.90564,6,2,cebula,chepra,cebula-chepra,48,2,last
1023,image,correct,1,1774.978034,6,2,parasol,alo,parasol-alo,49,2,last
1023,ortho,correct,1,1777.428782,6,2,mewa,lazin,mewa-lazin,50,2,last
1023,ortho,correct,1,1781.216267,6,2,koza,ezaja,koza-ezaja,51,2,last
1023,ortho,correct,1,1784.750221,6,2,kotwica,lalum,kotwica-lalum,52,2,last
1023,image,correct,1,1787.588222,6,2,ucho,debota,ucho-debota,53,2,last
1023,ortho,correct,1,1791.319023,6,2,owca,sawiko,owca-sawiko,54,2,last
1023,ortho,correct,1,1794.948365,6,2,skarpetka,prelata,skarpetka-prelata,55,2,last
1023,ortho,correct,1,1797.968034,6,2,krawat,rojon,krawat-rojon,56,2,last
1023,ortho,correct,1,1801.078258,6,2,zegarek,beler,zegarek-beler,57,2,last
1023,image,correct,1,1804.844126,6,2,wyspa,ota,wyspa-ota,58,2,last
1023,image,correct,1,1807.296403,6,2,fartuch,abedo,fartuch-abedo,59,2,last
1023,ortho,correct,1,1813.649161,6,2,papryka,nanoch,papryka-nanoch,60,2,last
1023,ortho,correct,1,1816.63506,6,2,gazeta,fena,gazeta-fena,61,2,last
1023,ortho,correct,1,1819.178193,6,2,ziemniak,rocepra,ziemniak-rocepra,62,2,last
1023,image,correct,1,1822.404642,6,2,kolano,izodo,kolano-izodo,63,2,last
1023,ortho,correct,1,1825.820908,6,2,indyk,deba,indyk-deba,64,2,last
1023,ortho,correct,1,1829.935848,6,2,butelka,uwa,butelka-uwa,65,2,last
1023,image,correct,1,1832.778145,6,2,papuga,abuset,papuga-abuset,66,2,last
1023,ortho,correct,1,1838.172462,6,2,samolot,techar,samolot-techar,67,2,last
1023,ortho,correct,1,1841.583331,6,2,oko,tanek,oko-tanek,68,2,last
1023,image,correct,1,1845.023537,6,2,foka,nalet,foka-nalet,69,2,last
1023,image,correct,1,1848.753818,6,2,winda,wema,winda-wema,70,2,last
1023,image,correct,1,1851.826283,6,2,kaczka,stotewal,kaczka-stotewal,71,2,last
1023,image,correct,1,1854.919076,6,2,lustro,tobyla,lustro-tobyla,72,2,last
1023,image,correct,1,1858.274167,6,2,dzwonek,waben,dzwonek-waben,73,2,last
1023,image,correct,1,1861.907373,6,2,krowa,nedonim,krowa-nedonim,74,2,last
1023,image,correct,1,1865.436317,6,2,ryba,lakob,ryba-lakob,75,2,last
1023,image,correct,1,1869.266934,6,2,palec,owiza,palec-owiza,76,2,last
1023,image,correct,1,1872.636569,6,2,torba,honisa,torba-honisa,77,2,last
1023,image,correct,1,1876.184831,6,2,jajko,obir,jajko-obir,78,2,last
1023,image,correct,1,1879.135057,6,2,lalka,josta,lalka-josta,79,2,last
1023,image,correct,1,1881.911245,6,2,lotnisko,nuketo,lotnisko-nuketo,80,2,last
1024,image,correct,1,2261.960298,6,2,palec,tobyla,palec-tobyla,1,1,not-last
1024,image,correct,1,2265.948561,6,2,dynia,abuset,dynia-abuset,2,1,not-last
1024,image,correct,1,2269.954949,6,2,lalka,abedo,lalka-abedo,3,1,not-last
1024,image,correct,1,2273.855697,6,2,papuga,wema,papuga-wema,4,1,not-last
1024,image,correct,1,2277.51888,6,2,dzwonek,josta,dzwonek-josta,5,1,not-last
1024,image,correct,1,2281.653098,6,2,wyspa,owiza,wyspa-owiza,6,1,not-last
1024,image,correct,1,2284.407635,6,2,torba,lakob,torba-lakob,7,1,not-last
1024,image,correct,1,2288.993899,6,2,krowa,nuketo,krowa-nuketo,8,1,not-last
1024,ortho,correct,1,2292.317997,6,2,mewa,tanek,mewa-tanek,9,1,not-last
1024,ortho,correct,1,2296.395541,6,2,krawat,lazin,krawat-lazin,10,1,not-last
1024,image,correct,1,2299.037722,6,2,foka,nedonim,foka-nedonim,11,1,not-last
1024,image,correct,1,2303.440579,6,2,kaczka,obir,kaczka-obir,12,1,not-last
1024,ortho,correct,1,2307.681287,6,2,ziemniak,pekom,ziemniak-pekom,13,1,not-last
1024,ortho,correct,1,2310.587536,6,2,oko,sodem,oko-sodem,14,1,not-last
1024,image,correct,1,2314.130001,6,2,kolano,ostana,kolano-ostana,15,1,not-last
1024,image,correct,1,2317.437727,6,2,lustro,waben,lustro-waben,16,1,not-last
1024,image,correct,1,2320.923073,6,2,winda,debota,winda-debota,17,1,not-last
1024,ortho,correct,1,2323.853674,6,2,samolot,pakosta,samolot-pakosta,18,1,not-last
1024,image,correct,1,2327.010186,6,2,jajko,nalet,jajko-nalet,19,1,not-last
1024,ortho,correct,1,2330.363693,6,2,cytryna,beler,cytryna-beler,20,1,not-last
1024,image,correct,1,2333.580536,6,2,ryba,alo,ryba-alo,21,1,not-last
1024,image,correct,1,2336.054038,6,2,lotnisko,badipret,lotnisko-badipret,22,1,not-last
1024,image,correct,1,2340.740367,6,2,parasol,ota,parasol-ota,23,1,not-last
1024,ortho,correct,1,2343.114332,6,2,stopa,uwa,stopa-uwa,24,1,not-last
1024,ortho,correct,1,2345.939807,6,2,butelka,chepra,butelka-chepra,25,1,not-last
1024,ortho,correct,1,2349.140775,6,2,kotwica,ezaja,kotwica-ezaja,26,1,not-last
1024,ortho,correct,1,2352.556527,6,2,zegarek,fena,zegarek-fena,27,1,not-last
1024,image,correct,1,2355.130241,6,2,fartuch,izodo,fartuch-izodo,28,1,not-last
1024,ortho,correct,1,2358.385318,6,2,silnik,prelata,silnik-prelata,29,1,not-last
1024,ortho,correct,1,2361.639859,6,2,skarpetka,seranak,skarpetka-seranak,30,1,not-last
1024,image,correct,1,2364.414991,6,2,kapelusz,stotewal,kapelusz-stotewal,31,1,not-last
1024,ortho,correct,1,2367.808532,6,2,papryka,lalum,papryka-lalum,32,1,not-last
1024,ortho,correct,1,2370.203956,6,2,osa,sawiko,osa-sawiko,33,1,not-last
1024,ortho,correct,1,2380.462923,6,2,cebula,staca,cebula-staca,34,1,not-last
1024,ortho,correct,1,2384.540707,6,2,homar,deba,homar-deba,35,1,not-last
1024,ortho,correct,1,2387.538484,6,2,owca,techar,owca-techar,36,1,not-last
1024,ortho,correct,1,2393.305245,6,2,gazeta,rocepra,gazeta-rocepra,37,1,not-last
1024,ortho,correct,1,2396.335347,6,2,koza,rojon,koza-rojon,38,1,not-last
1024,ortho,correct,1,2402.310229,6,2,indyk,nanoch,indyk-nanoch,39,1,not-last
1024,image,correct,1,2405.007139,6,2,ucho,honisa,ucho-honisa,40,1,not-last
1024,ortho,correct,1,2407.72127,6,2,mewa,tanek,mewa-tanek,41,2,last
1024,ortho,correct,1,2412.379428,6,2,krawat,lazin,krawat-lazin,42,2,last
1024,ortho,correct,1,2415.406485,6,2,ziemniak,pekom,ziemniak-pekom,43,2,last
1024,image,correct,1,2418.373729,6,2,palec,tobyla,palec-tobyla,44,2,last
1024,ortho,correct,1,2422.857498,6,2,oko,sodem,oko-sodem,45,2,last
1024,image,correct,1,2426.897784,6,2,dynia,abuset,dynia-abuset,46,2,last
1024,ortho,correct,1,2430.583002,6,2,samolot,pakosta,samolot-pakosta,47,2,last
1024,ortho,correct,1,2433.868356,6,2,cytryna,beler,cytryna-beler,48,2,last
1024,ortho,correct,1,2438.575759,6,2,stopa,uwa,stopa-uwa,49,2,last
1024,ortho,correct,1,2441.122345,6,2,butelka,chepra,butelka-chepra,50,2,last
1024,image,correct,1,2444.832613,6,2,lalka,abedo,lalka-abedo,51,2,last
1024,image,correct,1,2448.437371,6,2,papuga,wema,papuga-wema,52,2,last
1024,image,correct,1,2452.204372,6,2,dzwonek,josta,dzwonek-josta,53,2,last
1024,ortho,correct,1,2455.255358,6,2,kotwica,ezaja,kotwica-ezaja,54,2,last
1024,image,correct,1,2459.114485,6,2,wyspa,owiza,wyspa-owiza,55,2,last
1024,ortho,correct,1,2462.227337,6,2,zegarek,fena,zegarek-fena,56,2,last
1024,ortho,correct,1,2464.739053,6,2,silnik,prelata,silnik-prelata,57,2,last
1024,ortho,correct,1,2467.874096,6,2,skarpetka,seranak,skarpetka-seranak,58,2,last
1024,image,correct,1,2471.032463,6,2,torba,lakob,torba-lakob,59,2,last
1024,ortho,correct,1,2473.782729,6,2,papryka,lalum,papryka-lalum,60,2,last
1024,ortho,correct,1,2476.338549,6,2,osa,sawiko,osa-sawiko,61,2,last
1024,image,correct,1,2481.4157,6,2,krowa,nuketo,krowa-nuketo,62,2,last
1024,ortho,correct,1,2484.431836,6,2,cebula,staca,cebula-staca,63,2,last
1024,ortho,correct,1,2487.636668,6,2,homar,deba,homar-deba,64,2,last
1024,image,correct,1,2490.829732,6,2,foka,nedonim,foka-nedonim,65,2,last
1024,ortho,correct,1,2493.799262,6,2,owca,techar,owca-techar,66,2,last
1024,ortho,correct,1,2500.440917,6,2,gazeta,rocepra,gazeta-rocepra,67,2,last
1024,image,correct,1,2503.64463,6,2,kaczka,obir,kaczka-obir,68,2,last
1024,ortho,correct,1,2506.286605,6,2,koza,rojon,koza-rojon,69,2,last
1024,ortho,correct,1,2511.154861,6,2,indyk,nanoch,indyk-nanoch,70,2,last
1024,image,correct,1,2514.32871,6,2,kolano,ostana,kolano-ostana,71,2,last
1024,image,correct,1,2517.444058,6,2,lustro,waben,lustro-waben,72,2,last
1024,image,correct,1,2519.861655,6,2,winda,debota,winda-debota,73,2,last
1024,image,correct,1,2522.461361,6,2,jajko,nalet,jajko-nalet,74,2,last
1024,image,correct,1,2525.087896,6,2,ryba,alo,ryba-alo,75,2,last
1024,image,correct,1,2528.125367,6,2,lotnisko,badipret,lotnisko-badipret,76,2,last
1024,image,correct,1,2531.142479,6,2,parasol,ota,parasol-ota,77,2,last
1024,image,correct,1,2533.986505,6,2,fartuch,izodo,fartuch-izodo,78,2,last
1024,image,correct,1,2537.773437,6,2,kapelusz,stotewal,kapelusz-stotewal,79,2,last
1024,image,correct,1,2541.271791,6,2,ucho,honisa,ucho-honisa,80,2,last
1025,image,correct,1,1172.725793,6,2,foka,obir,foka-obir,1,1,not-last
1025,image,correct,1,1176.813603,6,2,winda,abuset,winda-abuset,2,1,not-last
1025,ortho,correct,1,1179.731457,6,2,ziemniak,fena,ziemniak-fena,3,1,not-last
1025,image,correct,1,1183.105345,6,2,ryba,honisa,ryba-honisa,4,1,not-last
1025,ortho,correct,1,1185.577365,6,2,osa,tanek,osa-tanek,5,1,not-last
1025,image,correct,1,1189.038531,6,2,palec,ota,palec-ota,6,1,not-last
1025,ortho,correct,1,1191.989287,6,2,papryka,deba,papryka-deba,7,1,not-last
1025,ortho,correct,1,1196.480105,6,2,owca,sodem,owca-sodem,8,1,not-last
1025,ortho,correct,1,1202.869096,6,2,kotwica,nanoch,kotwica-nanoch,9,1,not-last
1025,image,correct,1,1206.609544,6,2,jajko,stotewal,jajko-stotewal,10,1,not-last
1025,image,correct,1,1209.367702,6,2,fartuch,josta,fartuch-josta,11,1,not-last
1025,ortho,correct,1,1211.66374,6,2,krawat,ezaja,krawat-ezaja,12,1,not-last
1025,image,correct,1,1214.30853,6,2,dynia,nuketo,dynia-nuketo,13,1,not-last
1025,ortho,correct,1,1217.919718,6,2,cytryna,chepra,cytryna-chepra,14,1,not-last
1025,ortho,correct,1,1220.884976,6,2,zegarek,staca,zegarek-staca,15,1,not-last
1025,ortho,correct,1,1225.249578,6,2,skarpetka,pakosta,skarpetka-pakosta,16,1,not-last
1025,ortho,incorrect,0,1228.6535,6,2,butelka,seranak,butelka-seranak,17,1,not-last
1025,image,correct,1,1231.639248,6,2,lotnisko,nedonim,lotnisko-nedonim,18,1,not-last
1025,image,correct,1,1234.634524,6,2,torba,debota,torba-debota,19,1,not-last
1025,image,correct,1,1238.995573,6,2,kolano,abedo,kolano-abedo,20,1,not-last
1025,ortho,correct,1,1243.003797,6,2,stopa,prelata,stopa-prelata,21,1,not-last
1025,ortho,correct,1,1248.445473,6,2,samolot,sawiko,samolot-sawiko,22,1,not-last
1025,image,correct,1,1252.132977,6,2,wyspa,alo,wyspa-alo,23,1,not-last
1025,ortho,correct,1,1254.514604,6,2,indyk,pekom,indyk-pekom,24,1,not-last
1025,image,correct,1,1258.878766,6,2,parasol,lakob,parasol-lakob,25,1,not-last
1025,ortho,correct,1,1261.565946,6,2,koza,lalum,koza-lalum,26,1,not-last
1025,ortho,correct,1,1264.690085,6,2,mewa,rojon,mewa-rojon,27,1,not-last
1025,image,correct,1,1267.467308,6,2,lalka,waben,lalka-waben,28,1,not-last
1025,image,correct,1,1270.405586,6,2,krowa,nalet,krowa-nalet,29,1,not-last
1025,image,correct,1,1277.835188,6,2,papuga,badipret,papuga-badipret,30,1,not-last
1025,ortho,correct,1,1280.48844,6,2,homar,rocepra,homar-rocepra,31,1,not-last
1025,ortho,correct,1,1283.330524,6,2,silnik,techar,silnik-techar,32,1,not-last
1025,image,correct,1,1285.524187,6,2,ucho,wema,ucho-wema,33,1,not-last
1025,ortho,correct,1,1287.902497,6,2,gazeta,beler,gazeta-beler,34,1,not-last
1025,ortho,correct,1,1292.649449,6,2,oko,lazin,oko-lazin,35,1,not-last
1025,image,correct,1,1295.540518,6,2,dzwonek,tobyla,dzwonek-tobyla,36,1,not-last
1025,ortho,correct,1,1297.757322,6,2,cebula,uwa,cebula-uwa,37,1,not-last
1025,image,correct,1,1300.441265,6,2,kapelusz,izodo,kapelusz-izodo,38,1,not-last
1025,image,correct,1,1303.067499,6,2,lustro,owiza,lustro-owiza,39,1,not-last
1025,image,correct,1,1307.58657,6,2,kaczka,ostana,kaczka-ostana,40,1,not-last
1025,ortho,correct,1,1310.423479,6,2,ziemniak,fena,ziemniak-fena,41,2,last
1025,ortho,correct,1,1314.167146,6,2,osa,tanek,osa-tanek,42,2,last
1025,ortho,correct,1,1317.530904,6,2,papryka,deba,papryka-deba,43,2,last
1025,image,correct,1,1321.773847,6,2,foka,obir,foka-obir,44,2,last
1025,image,correct,1,1324.679685,6,2,winda,abuset,winda-abuset,45,2,last
1025,ortho,correct,1,1327.613766,6,2,owca,sodem,owca-sodem,46,2,last
1025,ortho,correct,1,1331.045022,6,2,kotwica,nanoch,kotwica-nanoch,47,2,last
1025,ortho,correct,1,1333.859871,6,2,krawat,ezaja,krawat-ezaja,48,2,last
1025,image,correct,1,1336.995215,6,2,ryba,honisa,ryba-honisa,49,2,last
1025,image,correct,1,1339.541743,6,2,palec,ota,palec-ota,50,2,last
1025,image,correct,1,1342.118126,6,2,jajko,stotewal,jajko-stotewal,51,2,last
1025,image,correct,1,1344.791113,6,2,fartuch,josta,fartuch-josta,52,2,last
1025,image,correct,1,1346.999542,6,2,dynia,nuketo,dynia-nuketo,53,2,last
1025,ortho,correct,1,1350.987714,6,2,cytryna,chepra,cytryna-chepra,54,2,last
1025,ortho,correct,1,1354.080606,6,2,zegarek,staca,zegarek-staca,55,2,last
1025,ortho,correct,1,1356.76592,6,2,skarpetka,pakosta,skarpetka-pakosta,56,2,last
1025,ortho,correct,1,1359.244728,6,2,butelka,seranak,butelka-seranak,57,2,last
1025,ortho,correct,1,1364.528157,6,2,stopa,prelata,stopa-prelata,58,2,last
1025,image,correct,1,1367.470931,6,2,lotnisko,nedonim,lotnisko-nedonim,59,2,last
1025,ortho,correct,1,1369.684949,6,2,samolot,sawiko,samolot-sawiko,60,2,last
1025,image,correct,1,1372.348404,6,2,torba,debota,torba-debota,61,2,last
1025,image,correct,1,1374.713402,6,2,kolano,abedo,kolano-abedo,62,2,last
1025,image,correct,1,1377.837142,6,2,wyspa,alo,wyspa-alo,63,2,last
1025,ortho,correct,1,1379.888551,6,2,indyk,pekom,indyk-pekom,64,2,last
1025,image,correct,1,1381.989086,6,2,parasol,lakob,parasol-lakob,65,2,last
1025,image,correct,1,1384.506709,6,2,lalka,waben,lalka-waben,66,2,last
1025,image,correct,1,1386.555801,6,2,krowa,nalet,krowa-nalet,67,2,last
1025,ortho,correct,1,1391.024004,6,2,koza,lalum,koza-lalum,68,2,last
1025,ortho,correct,1,1393.81686,6,2,mewa,rojon,mewa-rojon,69,2,last
1025,ortho,correct,1,1396.313882,6,2,homar,rocepra,homar-rocepra,70,2,last
1025,ortho,correct,1,1398.555821,6,2,silnik,techar,silnik-techar,71,2,last
1025,ortho,correct,1,1401.415235,6,2,gazeta,beler,gazeta-beler,72,2,last
1025,ortho,correct,1,1404.570883,6,2,oko,lazin,oko-lazin,73,2,last
1025,image,correct,1,1407.307429,6,2,papuga,badipret,papuga-badipret,74,2,last
1025,image,correct,1,1409.5174,6,2,ucho,wema,ucho-wema,75,2,last
1025,ortho,correct,1,1412.030077,6,2,cebula,uwa,cebula-uwa,76,2,last
1025,image,correct,1,1414.347734,6,2,dzwonek,tobyla,dzwonek-tobyla,77,2,last
1025,image,correct,1,1417.246617,6,2,kapelusz,izodo,kapelusz-izodo,78,2,last
1025,image,correct,1,1419.633708,6,2,lustro,owiza,lustro-owiza,79,2,last
1025,image,correct,1,1423.061237,6,2,kaczka,ostana,kaczka-ostana,80,2,last
1026,ortho,incorrect,0,1204.952171,7,3,homar,pekom,homar-pekom,1,1,not-last
1026,image,correct,1,1215.291203,7,3,dynia,badipret,dynia-badipret,2,1,not-last
1026,ortho,correct,1,1219.410311,7,3,cytryna,staca,cytryna-staca,3,1,not-last
1026,ortho,correct,1,1222.949781,7,3,silnik,pakosta,silnik-pakosta,4,1,not-last
1026,image,correct,1,1227.760878,7,3,kapelusz,ostana,kapelusz-ostana,5,1,not-last
1026,image,correct,1,1231.397879,7,3,parasol,alo,parasol-alo,6,1,not-last
1026,image,correct,1,1234.116282,7,3,ucho,debota,ucho-debota,7,1,not-last
1026,image,correct,1,1238.51975,7,3,wyspa,ota,wyspa-ota,8,1,not-last
1026,ortho,correct,1,1241.1586,7,3,osa,sodem,osa-sodem,9,1,not-last
1026,image,correct,1,1244.922371,7,3,fartuch,abedo,fartuch-abedo,10,1,not-last
1026,image,correct,1,1248.23285,7,3,kolano,izodo,kolano-izodo,11,1,not-last
1026,ortho,correct,1,1251.594971,7,3,stopa,seranak,stopa-seranak,12,1,not-last
1026,ortho,correct,1,1262.549892,7,3,cebula,chepra,cebula-chepra,13,1,not-last
1026,ortho,correct,1,1266.556163,7,3,mewa,lazin,mewa-lazin,14,1,not-last
1026,image,correct,1,1274.624945,7,3,papuga,abuset,papuga-abuset,15,1,not-last
1026,image,correct,1,1277.733121,7,3,foka,nalet,foka-nalet,16,1,not-last
1026,image,correct,1,1281.55367,7,3,winda,wema,winda-wema,17,1,not-last
1026,ortho,incorrect,0,1284.344117,7,3,koza,ezaja,koza-ezaja,18,1,not-last
1026,ortho,correct,1,1288.984957,7,3,kotwica,lalum,kotwica-lalum,19,1,not-last
1026,image,correct,1,1291.465508,7,3,kaczka,stotewal,kaczka-stotewal,20,1,not-last
1026,ortho,correct,1,1294.535948,7,3,owca,sawiko,owca-sawiko,21,1,not-last
1026,ortho,correct,1,1299.117614,7,3,skarpetka,prelata,skarpetka-prelata,22,1,not-last
1026,image,correct,1,1309.325922,7,3,lustro,tobyla,lustro-tobyla,23,1,not-last
1026,ortho,correct,1,1312.483983,7,3,krawat,rojon,krawat-rojon,24,1,not-last
1026,ortho,correct,1,1315.403526,7,3,zegarek,beler,zegarek-beler,25,1,not-last
1026,ortho,correct,1,1318.535366,7,3,papryka,nanoch,papryka-nanoch,26,1,not-last
1026,ortho,correct,1,1322.087104,7,3,gazeta,fena,gazeta-fena,27,1,not-last
1026,image,correct,1,1327.015594,7,3,dzwonek,waben,dzwonek-waben,28,1,not-last
1026,image,correct,1,1330.770675,7,3,krowa,nedonim,krowa-nedonim,29,1,not-last
1026,image,correct,1,1334.152119,7,3,ryba,lakob,ryba-lakob,30,1,not-last
1026,image,correct,1,1337.019605,7,3,palec,owiza,palec-owiza,31,1,not-last
1026,image,correct,1,1340.968756,7,3,torba,honisa,torba-honisa,32,1,not-last
1026,image,correct,1,1343.618826,7,3,jajko,obir,jajko-obir,33,1,not-last
1026,image,correct,1,1347.653532,7,3,lalka,josta,lalka-josta,34,1,not-last
1026,image,correct,1,1350.54358,7,3,lotnisko,nuketo,lotnisko-nuketo,35,1,not-last
1026,ortho,correct,1,1353.914865,7,3,ziemniak,rocepra,ziemniak-rocepra,36,1,not-last
1026,ortho,correct,1,1358.473309,7,3,indyk,deba,indyk-deba,37,1,not-last
1026,ortho,correct,1,1361.638782,7,3,butelka,uwa,butelka-uwa,38,1,not-last
1026,ortho,correct,1,1365.960991,7,3,samolot,techar,samolot-techar,39,1,not-last
1026,ortho,correct,1,1369.520301,7,3,oko,tanek,oko-tanek,40,1,not-last
1026,image,correct,1,1372.793011,7,3,dynia,badipret,dynia-badipret,41,2,not-last
1026,ortho,correct,1,1375.631822,7,3,homar,pekom,homar-pekom,42,2,not-last
1026,image,correct,1,1379.828962,7,3,kapelusz,ostana,kapelusz-ostana,43,2,not-last
1026,image,correct,1,1382.671908,7,3,parasol,alo,parasol-alo,44,2,not-last
1026,ortho,correct,1,1385.715109,7,3,cytryna,staca,cytryna-staca,45,2,not-last
1026,ortho,correct,1,1388.38107,7,3,silnik,pakosta,silnik-pakosta,46,2,not-last
1026,image,correct,1,1390.944072,7,3,ucho,debota,ucho-debota,47,2,not-last
1026,image,correct,1,1394.742728,7,3,wyspa,ota,wyspa-ota,48,2,not-last
1026,image,correct,1,1397.372603,7,3,fartuch,abedo,fartuch-abedo,49,2,not-last
1026,ortho,correct,1,1400.617991,7,3,osa,sodem,osa-sodem,50,2,not-last
1026,image,correct,1,1403.762712,7,3,kolano,izodo,kolano-izodo,51,2,not-last
1026,ortho,correct,1,1407.126423,7,3,stopa,seranak,stopa-seranak,52,2,not-last
1026,image,correct,1,1414.348244,7,3,papuga,abuset,papuga-abuset,53,2,not-last
1026,ortho,correct,1,1418.648947,7,3,cebula,chepra,cebula-chepra,54,2,not-last
1026,image,correct,1,1422.259895,7,3,foka,nalet,foka-nalet,55,2,not-last
1026,ortho,incorrect,0,1424.998716,7,3,mewa,lazin,mewa-lazin,56,2,not-last
1026,ortho,correct,1,1430.638365,7,3,koza,ezaja,koza-ezaja,57,2,not-last
1026,ortho,correct,1,1436.208713,7,3,kotwica,lalum,kotwica-lalum,58,2,not-last
1026,image,correct,1,1439.299183,7,3,winda,wema,winda-wema,59,2,not-last
1026,image,correct,1,1441.639939,7,3,kaczka,stotewal,kaczka-stotewal,60,2,not-last
1026,image,correct,1,1445.128847,7,3,lustro,tobyla,lustro-tobyla,61,2,not-last
1026,ortho,correct,1,1448.150866,7,3,owca,sawiko,owca-sawiko,62,2,not-last
1026,image,correct,1,1452.633619,7,3,dzwonek,waben,dzwonek-waben,63,2,not-last
1026,ortho,correct,1,1456.042783,7,3,skarpetka,prelata,skarpetka-prelata,64,2,not-last
1026,ortho,correct,1,1477.875723,7,3,krawat,rojon,krawat-rojon,65,2,not-last
1026,ortho,correct,1,1481.175475,7,3,zegarek,beler,zegarek-beler,66,2,not-last
1026,image,correct,1,1484.365975,7,3,krowa,nedonim,krowa-nedonim,67,2,not-last
1026,image,correct,1,1487.878574,7,3,ryba,lakob,ryba-lakob,68,2,not-last
1026,image,correct,1,1491.675846,7,3,palec,owiza,palec-owiza,69,2,not-last
1026,image,correct,1,1496.204941,7,3,torba,honisa,torba-honisa,70,2,not-last
1026,ortho,correct,1,1500.687034,7,3,papryka,nanoch,papryka-nanoch,71,2,not-last
1026,image,correct,1,1504.283109,7,3,jajko,obir,jajko-obir,72,2,not-last
1026,image,correct,1,1507.861068,7,3,lalka,josta,lalka-josta,73,2,not-last
1026,ortho,correct,1,1510.904359,7,3,gazeta,fena,gazeta-fena,74,2,not-last
1026,ortho,correct,1,1513.685338,7,3,ziemniak,rocepra,ziemniak-rocepra,75,2,not-last
1026,ortho,correct,1,1517.439221,7,3,indyk,deba,indyk-deba,76,2,not-last
1026,ortho,correct,1,1520.493272,7,3,butelka,uwa,butelka-uwa,77,2,not-last
1026,ortho,correct,1,1526.640921,7,3,samolot,techar,samolot-techar,78,2,not-last
1026,ortho,correct,1,1529.995667,7,3,oko,tanek,oko-tanek,79,2,not-last
1026,image,correct,1,1533.318735,7,3,lotnisko,nuketo,lotnisko-nuketo,80,2,not-last
1026,ortho,correct,1,1536.340211,7,3,homar,pekom,homar-pekom,81,3,last
1026,image,correct,1,1540.274194,7,3,dynia,badipret,dynia-badipret,82,3,last
1026,ortho,correct,1,1542.98962,7,3,cytryna,staca,cytryna-staca,83,3,last
1026,ortho,correct,1,1545.948409,7,3,silnik,pakosta,silnik-pakosta,84,3,last
1026,ortho,correct,1,1549.222152,7,3,osa,sodem,osa-sodem,85,3,last
1026,ortho,correct,1,1553.309025,7,3,stopa,seranak,stopa-seranak,86,3,last
1026,ortho,correct,1,1556.462913,7,3,cebula,chepra,cebula-chepra,87,3,last
1026,image,correct,1,1560.105904,7,3,kapelusz,ostana,kapelusz-ostana,88,3,last
1026,ortho,correct,1,1563.290784,7,3,mewa,lazin,mewa-lazin,89,3,last
1026,ortho,correct,1,1568.693799,7,3,koza,ezaja,koza-ezaja,90,3,last
1026,image,correct,1,1575.568273,7,3,parasol,alo,parasol-alo,91,3,last
1026,ortho,correct,1,1579.906546,7,3,kotwica,lalum,kotwica-lalum,92,3,last
1026,ortho,correct,1,1582.980714,7,3,owca,sawiko,owca-sawiko,93,3,last
1026,image,correct,1,1587.856341,7,3,ucho,debota,ucho-debota,94,3,last
1026,image,correct,1,1600.336998,7,3,wyspa,ota,wyspa-ota,95,3,last
1026,ortho,correct,1,1603.074795,7,3,skarpetka,prelata,skarpetka-prelata,96,3,last
1026,image,correct,1,1607.338227,7,3,fartuch,abedo,fartuch-abedo,97,3,last
1026,image,correct,1,1610.352396,7,3,kolano,izodo,kolano-izodo,98,3,last
1026,image,correct,1,1613.182184,7,3,papuga,abuset,papuga-abuset,99,3,last
1026,image,correct,1,1618.763555,7,3,foka,nalet,foka-nalet,100,3,last
1026,ortho,correct,1,1622.346725,7,3,krawat,rojon,krawat-rojon,101,3,last
1026,ortho,correct,1,1625.867653,7,3,zegarek,beler,zegarek-beler,102,3,last
1026,image,correct,1,1628.719908,7,3,winda,wema,winda-wema,103,3,last
1026,image,correct,1,1631.948141,7,3,kaczka,stotewal,kaczka-stotewal,104,3,last
1026,ortho,correct,1,1636.953629,7,3,papryka,nanoch,papryka-nanoch,105,3,last
1026,image,correct,1,1640.238959,7,3,lustro,tobyla,lustro-tobyla,106,3,last
1026,ortho,correct,1,1643.321232,7,3,gazeta,fena,gazeta-fena,107,3,last
1026,image,correct,1,1646.761139,7,3,dzwonek,waben,dzwonek-waben,108,3,last
1026,ortho,correct,1,1650.961079,7,3,ziemniak,rocepra,ziemniak-rocepra,109,3,last
1026,ortho,correct,1,1655.549772,7,3,indyk,deba,indyk-deba,110,3,last
1026,ortho,correct,1,1659.649592,7,3,butelka,uwa,butelka-uwa,111,3,last
1026,image,correct,1,1662.99246,7,3,krowa,nedonim,krowa-nedonim,112,3,last
1026,image,correct,1,1665.464959,7,3,ryba,lakob,ryba-lakob,113,3,last
1026,image,correct,1,1668.982171,7,3,palec,owiza,palec-owiza,114,3,last
1026,image,correct,1,1672.405295,7,3,torba,honisa,torba-honisa,115,3,last
1026,image,correct,1,1675.814884,7,3,jajko,obir,jajko-obir,116,3,last
1026,ortho,correct,1,1678.542863,7,3,samolot,techar,samolot-techar,117,3,last
1026,ortho,correct,1,1681.316157,7,3,oko,tanek,oko-tanek,118,3,last
1026,image,correct,1,1683.954893,7,3,lalka,josta,lalka-josta,119,3,last
1026,image,correct,1,1687.167365,7,3,lotnisko,nuketo,lotnisko-nuketo,120,3,last
1027,image,correct,1,1306.354434,6,2,dynia,badipret,dynia-badipret,1,1,not-last
1027,image,correct,1,1309.922262,6,2,kapelusz,ostana,kapelusz-ostana,2,1,not-last
1027,image,correct,1,1313.486688,6,2,parasol,alo,parasol-alo,3,1,not-last
1027,image,correct,1,1316.588207,6,2,ucho,debota,ucho-debota,4,1,not-last
1027,image,correct,1,1321.227231,6,2,wyspa,ota,wyspa-ota,5,1,not-last
1027,ortho,correct,1,1324.616455,6,2,homar,pekom,homar-pekom,6,1,not-last
1027,image,incorrect,0,1331.56298,6,2,fartuch,abedo,fartuch-abedo,7,1,not-last
1027,image,correct,1,1334.520922,6,2,kolano,izodo,kolano-izodo,8,1,not-last
1027,image,correct,1,1338.15611,6,2,papuga,abuset,papuga-abuset,9,1,not-last
1027,image,correct,1,1341.455222,6,2,foka,nalet,foka-nalet,10,1,not-last
1027,ortho,correct,1,1349.967151,6,2,cytryna,staca,cytryna-staca,11,1,not-last
1027,image,correct,1,1354.724525,6,2,winda,wema,winda-wema,12,1,not-last
1027,image,correct,1,1358.357458,6,2,kaczka,stotewal,kaczka-stotewal,13,1,not-last
1027,image,correct,1,1361.595383,6,2,lustro,tobyla,lustro-tobyla,14,1,not-last
1027,image,correct,1,1368.642437,6,2,dzwonek,waben,dzwonek-waben,15,1,not-last
1027,image,correct,1,1373.740293,6,2,krowa,nedonim,krowa-nedonim,16,1,not-last
1027,image,correct,1,1379.656088,6,2,ryba,lakob,ryba-lakob,17,1,not-last
1027,image,correct,1,1383.55634,6,2,palec,owiza,palec-owiza,18,1,not-last
1027,ortho,correct,1,1386.611317,6,2,silnik,pakosta,silnik-pakosta,19,1,not-last
1027,image,correct,1,1391.36253,6,2,torba,honisa,torba-honisa,20,1,not-last
1027,image,correct,1,1395.240204,6,2,jajko,obir,jajko-obir,21,1,not-last
1027,image,correct,1,1400.525268,6,2,lalka,josta,lalka-josta,22,1,not-last
1027,image,correct,1,1403.506101,6,2,lotnisko,nuketo,lotnisko-nuketo,23,1,not-last
1027,ortho,correct,1,1406.367219,6,2,osa,sodem,osa-sodem,24,1,not-last
1027,ortho,correct,1,1410.809457,6,2,stopa,seranak,stopa-seranak,25,1,not-last
1027,ortho,correct,1,1414.896187,6,2,cebula,chepra,cebula-chepra,26,1,not-last
1027,ortho,correct,1,1419.494555,6,2,mewa,lazin,mewa-lazin,27,1,not-last
1027,ortho,correct,1,1422.226195,6,2,koza,ezaja,koza-ezaja,28,1,not-last
1027,ortho,correct,1,1427.324929,6,2,kotwica,lalum,kotwica-lalum,29,1,not-last
1027,ortho,correct,1,1430.190904,6,2,owca,sawiko,owca-sawiko,30,1,not-last
1027,ortho,correct,1,1434.945472,6,2,skarpetka,prelata,skarpetka-prelata,31,1,not-last
1027,ortho,correct,1,1438.374806,6,2,krawat,rojon,krawat-rojon,32,1,not-last
1027,ortho,correct,1,1441.909544,6,2,zegarek,beler,zegarek-beler,33,1,not-last
1027,ortho,correct,1,1445.575302,6,2,papryka,nanoch,papryka-nanoch,34,1,not-last
1027,ortho,correct,1,1449.145515,6,2,gazeta,fena,gazeta-fena,35,1,not-last
1027,ortho,correct,1,1452.021172,6,2,ziemniak,rocepra,ziemniak-rocepra,36,1,not-last
1027,ortho,correct,1,1455.766654,6,2,indyk,deba,indyk-deba,37,1,not-last
1027,ortho,correct,1,1459.745063,6,2,butelka,uwa,butelka-uwa,38,1,not-last
1027,ortho,correct,1,1463.092648,6,2,samolot,techar,samolot-techar,39,1,not-last
1027,ortho,correct,1,1466.393505,6,2,oko,tanek,oko-tanek,40,1,not-last
1027,image,correct,1,1475.612395,6,2,dynia,badipret,dynia-badipret,41,2,last
1027,ortho,correct,1,1478.589363,6,2,homar,pekom,homar-pekom,42,2,last
1027,image,correct,1,1482.218036,6,2,kapelusz,ostana,kapelusz-ostana,43,2,last
1027,ortho,correct,1,1484.986894,6,2,cytryna,staca,cytryna-staca,44,2,last
1027,ortho,correct,1,1488.613109,6,2,silnik,pakosta,silnik-pakosta,45,2,last
1027,ortho,correct,1,1491.527164,6,2,osa,sodem,osa-sodem,46,2,last
1027,image,correct,1,1495.034722,6,2,parasol,alo,parasol-alo,47,2,last
1027,image,correct,1,1497.726268,6,2,ucho,debota,ucho-debota,48,2,last
1027,image,correct,1,1501.696914,6,2,wyspa,ota,wyspa-ota,49,2,last
1027,ortho,correct,1,1506.221413,6,2,stopa,seranak,stopa-seranak,50,2,last
1027,image,correct,1,1509.202432,6,2,fartuch,abedo,fartuch-abedo,51,2,last
1027,ortho,correct,1,1511.854115,6,2,cebula,chepra,cebula-chepra,52,2,last
1027,image,correct,1,1515.541453,6,2,kolano,izodo,kolano-izodo,53,2,last
1027,image,correct,1,1518.492042,6,2,papuga,abuset,papuga-abuset,54,2,last
1027,image,correct,1,1522.260971,6,2,foka,nalet,foka-nalet,55,2,last
1027,image,correct,1,1527.309909,6,2,winda,wema,winda-wema,56,2,last
1027,image,correct,1,1530.294584,6,2,kaczka,stotewal,kaczka-stotewal,57,2,last
1027,ortho,correct,1,1532.927001,6,2,mewa,lazin,mewa-lazin,58,2,last
1027,image,correct,1,1535.668902,6,2,lustro,tobyla,lustro-tobyla,59,2,last
1027,ortho,correct,1,1541.674192,6,2,koza,ezaja,koza-ezaja,60,2,last
1027,image,correct,1,1546.369589,6,2,dzwonek,waben,dzwonek-waben,61,2,last
1027,image,correct,1,1549.264749,6,2,krowa,nedonim,krowa-nedonim,62,2,last
1027,image,correct,1,1551.946743,6,2,ryba,lakob,ryba-lakob,63,2,last
1027,ortho,correct,1,1555.012919,6,2,kotwica,lalum,kotwica-lalum,64,2,last
1027,image,correct,1,1557.903561,6,2,palec,owiza,palec-owiza,65,2,last
1027,ortho,correct,1,1563.019137,6,2,owca,sawiko,owca-sawiko,66,2,last
1027,image,correct,1,1567.522351,6,2,torba,honisa,torba-honisa,67,2,last
1027,ortho,correct,1,1570.247762,6,2,skarpetka,prelata,skarpetka-prelata,68,2,last
1027,ortho,correct,1,1573.14848,6,2,krawat,rojon,krawat-rojon,69,2,last
1027,ortho,correct,1,1577.980014,6,2,zegarek,beler,zegarek-beler,70,2,last
1027,ortho,correct,1,1581.182375,6,2,papryka,nanoch,papryka-nanoch,71,2,last
1027,image,correct,1,1584.033175,6,2,jajko,obir,jajko-obir,72,2,last
1027,image,correct,1,1586.413121,6,2,lalka,josta,lalka-josta,73,2,last
1027,ortho,correct,1,1589.478737,6,2,gazeta,fena,gazeta-fena,74,2,last
1027,image,correct,1,1592.373794,6,2,lotnisko,nuketo,lotnisko-nuketo,75,2,last
1027,ortho,correct,1,1595.54292,6,2,ziemniak,rocepra,ziemniak-rocepra,76,2,last
1027,ortho,correct,1,1599.287027,6,2,indyk,deba,indyk-deba,77,2,last
1027,ortho,correct,1,1602.017479,6,2,butelka,uwa,butelka-uwa,78,2,last
1027,ortho,correct,1,1605.1827,6,2,samolot,techar,samolot-techar,79,2,last
1027,ortho,correct,1,1608.569063,6,2,oko,tanek,oko-tanek,80,2,last
1029,image,correct,1,1278.731617,6,2,palec,tobyla,palec-tobyla,1,1,not-last
1029,ortho,correct,1,1286.371663,6,2,mewa,tanek,mewa-tanek,2,1,not-last
1029,ortho,correct,1,1291.628542,6,2,krawat,lazin,krawat-lazin,3,1,not-last
1029,image,correct,1,1295.269816,6,2,dynia,abuset,dynia-abuset,4,1,not-last
1029,ortho,correct,1,1298.8057,6,2,ziemniak,pekom,ziemniak-pekom,5,1,not-last
1029,image,correct,1,1303.755453,6,2,lalka,abedo,lalka-abedo,6,1,not-last
1029,ortho,correct,1,1307.755577,6,2,oko,sodem,oko-sodem,7,1,not-last
1029,image,correct,1,1312.019732,6,2,papuga,wema,papuga-wema,8,1,not-last
1029,image,correct,1,1316.150623,6,2,dzwonek,josta,dzwonek-josta,9,1,not-last
1029,ortho,correct,1,1319.868421,6,2,samolot,pakosta,samolot-pakosta,10,1,not-last
1029,image,correct,1,1323.287296,6,2,wyspa,owiza,wyspa-owiza,11,1,not-last
1029,image,correct,1,1326.829462,6,2,torba,lakob,torba-lakob,12,1,not-last
1029,image,correct,1,1333.281247,6,2,krowa,nuketo,krowa-nuketo,13,1,not-last
1029,image,correct,1,1336.615161,6,2,foka,nedonim,foka-nedonim,14,1,not-last
1029,ortho,correct,1,1340.007809,6,2,cytryna,beler,cytryna-beler,15,1,not-last
1029,ortho,correct,1,1344.782162,6,2,stopa,uwa,stopa-uwa,16,1,not-last
1029,image,correct,1,1349.437869,6,2,kaczka,obir,kaczka-obir,17,1,not-last
1029,image,correct,1,1353.39918,6,2,kolano,ostana,kolano-ostana,18,1,not-last
1029,image,correct,1,1356.997653,6,2,lustro,waben,lustro-waben,19,1,not-last
1029,ortho,correct,1,1360.608574,6,2,butelka,chepra,butelka-chepra,20,1,not-last
1029,ortho,correct,1,1364.226739,6,2,kotwica,ezaja,kotwica-ezaja,21,1,not-last
1029,ortho,correct,1,1369.783392,6,2,zegarek,fena,zegarek-fena,22,1,not-last
1029,image,correct,1,1373.670869,6,2,winda,debota,winda-debota,23,1,not-last
1029,ortho,correct,1,1378.09442,6,2,silnik,prelata,silnik-prelata,24,1,not-last
1029,image,correct,1,1383.091828,6,2,jajko,nalet,jajko-nalet,25,1,not-last
1029,ortho,correct,1,1386.425649,6,2,skarpetka,seranak,skarpetka-seranak,26,1,not-last
1029,image,correct,1,1392.592975,6,2,ryba,alo,ryba-alo,27,1,not-last
1029,image,correct,1,1395.68293,6,2,lotnisko,badipret,lotnisko-badipret,28,1,not-last
1029,image,correct,1,1399.000076,6,2,parasol,ota,parasol-ota,29,1,not-last
1029,ortho,correct,1,1402.393475,6,2,papryka,lalum,papryka-lalum,30,1,not-last
1029,ortho,correct,1,1407.876712,6,2,osa,sawiko,osa-sawiko,31,1,not-last
1029,ortho,correct,1,1411.683781,6,2,cebula,staca,cebula-staca,32,1,not-last
1029,ortho,correct,1,1415.467791,6,2,homar,deba,homar-deba,33,1,not-last
1029,ortho,correct,1,1421.284925,6,2,owca,techar,owca-techar,34,1,not-last
1029,image,correct,1,1427.957486,6,2,fartuch,izodo,fartuch-izodo,35,1,not-last
1029,ortho,correct,1,1432.830388,6,2,gazeta,rocepra,gazeta-rocepra,36,1,not-last
1029,ortho,correct,1,1436.587797,6,2,koza,rojon,koza-rojon,37,1,not-last
1029,image,correct,1,1441.776226,6,2,kapelusz,stotewal,kapelusz-stotewal,38,1,not-last
1029,image,correct,1,1445.405921,6,2,ucho,honisa,ucho-honisa,39,1,not-last
1029,ortho,correct,1,1450.4442,6,2,indyk,nanoch,indyk-nanoch,40,1,not-last
1029,image,correct,1,1455.060805,6,2,palec,tobyla,palec-tobyla,41,2,last
1029,ortho,correct,1,1458.563954,6,2,mewa,tanek,mewa-tanek,42,2,last
1029,ortho,correct,1,1462.535802,6,2,krawat,lazin,krawat-lazin,43,2,last
1029,ortho,correct,1,1470.557766,6,2,ziemniak,pekom,ziemniak-pekom,44,2,last
1029,ortho,correct,1,1474.037442,6,2,oko,sodem,oko-sodem,45,2,last
1029,ortho,correct,1,1477.489873,6,2,samolot,pakosta,samolot-pakosta,46,2,last
1029,ortho,correct,1,1481.436253,6,2,cytryna,beler,cytryna-beler,47,2,last
1029,ortho,correct,1,1484.355215,6,2,stopa,uwa,stopa-uwa,48,2,last
1029,ortho,correct,1,1488.616954,6,2,butelka,chepra,butelka-chepra,49,2,last
1029,image,correct,1,1492.878889,6,2,dynia,abuset,dynia-abuset,50,2,last
1029,image,correct,1,1495.922192,6,2,lalka,abedo,lalka-abedo,51,2,last
1029,ortho,correct,1,1498.730438,6,2,kotwica,ezaja,kotwica-ezaja,52,2,last
1029,image,correct,1,1503.017762,6,2,papuga,wema,papuga-wema,53,2,last
1029,image,correct,1,1506.504477,6,2,dzwonek,josta,dzwonek-josta,54,2,last
1029,ortho,correct,1,1510.11146,6,2,zegarek,fena,zegarek-fena,55,2,last
1029,ortho,correct,1,1514.221074,6,2,silnik,prelata,silnik-prelata,56,2,last
1029,ortho,correct,1,1519.654909,6,2,skarpetka,seranak,skarpetka-seranak,57,2,last
1029,ortho,correct,1,1524.606786,6,2,papryka,lalum,papryka-lalum,58,2,last
1029,image,correct,1,1528.322488,6,2,wyspa,owiza,wyspa-owiza,59,2,last
1029,ortho,correct,1,1531.780186,6,2,osa,sawiko,osa-sawiko,60,2,last
1029,ortho,correct,1,1535.004617,6,2,cebula,staca,cebula-staca,61,2,last
1029,ortho,correct,1,1538.131615,6,2,homar,deba,homar-deba,62,2,last
1029,ortho,correct,1,1544.188492,6,2,owca,techar,owca-techar,63,2,last
1029,ortho,correct,1,1547.222887,6,2,gazeta,rocepra,gazeta-rocepra,64,2,last
1029,ortho,correct,1,1552.540662,6,2,koza,rojon,koza-rojon,65,2,last
1029,ortho,correct,1,1556.023884,6,2,indyk,nanoch,indyk-nanoch,66,2,last
1029,image,correct,1,1560.148149,6,2,torba,lakob,torba-lakob,67,2,last
1029,image,correct,1,1565.171267,6,2,krowa,nuketo,krowa-nuketo,68,2,last
1029,image,correct,1,1568.740775,6,2,foka,nedonim,foka-nedonim,69,2,last
1029,image,correct,1,1571.521578,6,2,kaczka,obir,kaczka-obir,70,2,last
1029,image,correct,1,1574.505509,6,2,kolano,ostana,kolano-ostana,71,2,last
1029,image,correct,1,1578.423835,6,2,lustro,waben,lustro-waben,72,2,last
1029,image,correct,1,1581.356158,6,2,winda,debota,winda-debota,73,2,last
1029,image,correct,1,1587.052963,6,2,jajko,nalet,jajko-nalet,74,2,last
1029,image,correct,1,1590.323992,6,2,ryba,alo,ryba-alo,75,2,last
1029,image,correct,1,1593.372268,6,2,lotnisko,badipret,lotnisko-badipret,76,2,last
1029,image,correct,1,1596.279228,6,2,parasol,ota,parasol-ota,77,2,last
1029,image,correct,1,1599.656902,6,2,fartuch,izodo,fartuch-izodo,78,2,last
1029,image,correct,1,1604.914235,6,2,kapelusz,stotewal,kapelusz-stotewal,79,2,last
1029,image,correct,1,1607.825858,6,2,ucho,honisa,ucho-honisa,80,2,last
1030,image,correct,1,2410.353435,6,2,lustro,ota,lustro-ota,1,1,not-last
1030,ortho,correct,1,2417.964231,6,2,cebula,seranak,cebula-seranak,2,1,not-last
1030,ortho,correct,1,2440.308371,6,2,kotwica,deba,kotwica-deba,3,1,not-last
1030,image,correct,1,2445.94883,6,2,palec,nedonim,palec-nedonim,4,1,not-last
1030,image,correct,1,2454.524174,6,2,jajko,ostana,jajko-ostana,5,1,not-last
1030,image,correct,1,2462.659141,6,2,papuga,nuketo,papuga-nuketo,6,1,not-last
1030,ortho,correct,1,2474.123998,6,2,ziemniak,beler,ziemniak-beler,7,1,not-last
1030,ortho,correct,1,2488.375429,6,2,stopa,pakosta,stopa-pakosta,8,1,not-last
1030,ortho,correct,1,2494.574769,6,2,krawat,lalum,krawat-lalum,9,1,not-last
1030,ortho,correct,1,2498.424735,6,2,gazeta,staca,gazeta-staca,10,1,not-last
1030,image,correct,1,2503.630405,6,2,winda,badipret,winda-badipret,11,1,not-last
1030,image,correct,1,2507.678039,6,2,krowa,obir,krowa-obir,12,1,not-last
1030,image,correct,1,2513.007217,6,2,wyspa,lakob,wyspa-lakob,13,1,not-last
1030,image,correct,1,2520.141749,6,2,dzwonek,owiza,dzwonek-owiza,14,1,not-last
1030,ortho,correct,1,2523.80248,6,2,cytryna,uwa,cytryna-uwa,15,1,not-last
1030,image,correct,1,2528.600299,6,2,torba,wema,torba-wema,16,1,not-last
1030,ortho,correct,1,2534.319702,6,2,silnik,sawiko,silnik-sawiko,17,1,not-last
1030,image,correct,1,2541.300745,6,2,ryba,debota,ryba-debota,18,1,not-last
1030,image,correct,1,2545.042658,6,2,lotnisko,nalet,lotnisko-nalet,19,1,not-last
1030,image,correct,1,2550.275663,6,2,lalka,tobyla,lalka-tobyla,20,1,not-last
1030,ortho,correct,1,2554.140332,6,2,homar,fena,homar-fena,21,1,not-last
1030,image,correct,1,2560.366627,6,2,dynia,alo,dynia-alo,22,1,not-last
1030,image,correct,1,2563.694341,6,2,kolano,josta,kolano-josta,23,1,not-last
1030,ortho,correct,1,2568.754369,6,2,samolot,sodem,samolot-sodem,24,1,not-last
1030,image,correct,1,2575.685436,6,2,ucho,abuset,ucho-abuset,25,1,not-last
1030,ortho,correct,1,2579.871299,6,2,osa,lazin,osa-lazin,26,1,not-last
1030,image,correct,1,2586.034525,6,2,foka,stotewal,foka-stotewal,27,1,not-last
1030,ortho,correct,1,2589.339946,6,2,zegarek,chepra,zegarek-chepra,28,1,not-last
1030,ortho,correct,1,2595.044608,6,2,butelka,prelata,butelka-prelata,29,1,not-last
1030,ortho,correct,1,2612.348715,6,2,papryka,pekom,papryka-pekom,30,1,not-last
1030,image,correct,1,2615.202425,6,2,fartuch,waben,fartuch-waben,31,1,not-last
1030,ortho,correct,1,2620.959663,6,2,koza,nanoch,koza-nanoch,32,1,not-last
1030,ortho,correct,1,2626.461836,6,2,mewa,ezaja,mewa-ezaja,33,1,not-last
1030,image,correct,1,2631.323351,6,2,kapelusz,abedo,kapelusz-abedo,34,1,not-last
1030,ortho,correct,1,2636.958724,6,2,skarpetka,techar,skarpetka-techar,35,1,not-last
1030,ortho,correct,1,2641.69604,6,2,oko,rojon,oko-rojon,36,1,not-last
1030,image,correct,1,2646.254515,6,2,parasol,honisa,parasol-honisa,37,1,not-last
1030,ortho,correct,1,2655.090375,6,2,owca,tanek,owca-tanek,38,1,not-last
1030,image,correct,1,2658.803251,6,2,kaczka,izodo,kaczka-izodo,39,1,not-last
1030,ortho,correct,1,2661.704075,6,2,indyk,rocepra,indyk-rocepra,40,1,not-last
1030,image,correct,1,2666.755544,6,2,lustro,ota,lustro-ota,41,2,last
1030,image,correct,1,2669.764157,6,2,palec,nedonim,palec-nedonim,42,2,last
1030,ortho,correct,1,2673.941846,6,2,cebula,seranak,cebula-seranak,43,2,last
1030,image,correct,1,2678.921557,6,2,jajko,ostana,jajko-ostana,44,2,last
1030,ortho,correct,1,2685.026022,6,2,kotwica,deba,kotwica-deba,45,2,last
1030,image,correct,1,2689.870911,6,2,papuga,nuketo,papuga-nuketo,46,2,last
1030,image,correct,1,2696.033224,6,2,winda,badipret,winda-badipret,47,2,last
1030,ortho,correct,1,2700.42559,6,2,ziemniak,beler,ziemniak-beler,48,2,last
1030,ortho,correct,1,2709.432857,6,2,stopa,pakosta,stopa-pakosta,49,2,last
1030,image,correct,1,2712.471809,6,2,krowa,obir,krowa-obir,50,2,last
1030,ortho,correct,1,2717.461095,6,2,krawat,lalum,krawat-lalum,51,2,last
1030,ortho,correct,1,2720.515216,6,2,gazeta,staca,gazeta-staca,52,2,last
1030,image,correct,1,2725.772941,6,2,wyspa,lakob,wyspa-lakob,53,2,last
1030,image,correct,1,2729.983528,6,2,dzwonek,owiza,dzwonek-owiza,54,2,last
1030,image,correct,1,2734.084482,6,2,torba,wema,torba-wema,55,2,last
1030,ortho,correct,1,2739.310507,6,2,cytryna,uwa,cytryna-uwa,56,2,last
1030,image,correct,1,2742.257661,6,2,ryba,debota,ryba-debota,57,2,last
1030,image,correct,1,2745.583628,6,2,lotnisko,nalet,lotnisko-nalet,58,2,last
1030,ortho,correct,1,2749.679967,6,2,silnik,sawiko,silnik-sawiko,59,2,last
1030,ortho,correct,1,2753.000269,6,2,homar,fena,homar-fena,60,2,last
1030,ortho,correct,1,2758.229283,6,2,samolot,sodem,samolot-sodem,61,2,last
1030,ortho,correct,1,2762.517497,6,2,osa,lazin,osa-lazin,62,2,last
1030,image,correct,1,2766.926134,6,2,lalka,tobyla,lalka-tobyla,63,2,last
1030,ortho,correct,1,2769.834266,6,2,zegarek,chepra,zegarek-chepra,64,2,last
1030,ortho,correct,1,2773.879135,6,2,butelka,prelata,butelka-prelata,65,2,last
1030,ortho,correct,1,2779.653284,6,2,papryka,pekom,papryka-pekom,66,2,last
1030,ortho,correct,1,2783.419083,6,2,koza,nanoch,koza-nanoch,67,2,last
1030,ortho,correct,1,2787.102866,6,2,mewa,ezaja,mewa-ezaja,68,2,last
1030,ortho,correct,1,2791.922399,6,2,skarpetka,techar,skarpetka-techar,69,2,last
1030,ortho,correct,1,2796.022279,6,2,oko,rojon,oko-rojon,70,2,last
1030,ortho,correct,1,2799.086768,6,2,owca,tanek,owca-tanek,71,2,last
1030,image,correct,1,2802.411828,6,2,dynia,alo,dynia-alo,72,2,last
1030,ortho,correct,1,2805.115982,6,2,indyk,rocepra,indyk-rocepra,73,2,last
1030,image,correct,1,2809.254951,6,2,kolano,josta,kolano-josta,74,2,last
1030,image,correct,1,2812.286376,6,2,ucho,abuset,ucho-abuset,75,2,last
1030,image,correct,1,2815.436917,6,2,foka,stotewal,foka-stotewal,76,2,last
1030,image,correct,1,2819.38834,6,2,fartuch,waben,fartuch-waben,77,2,last
1030,image,correct,1,2826.306652,6,2,kapelusz,abedo,kapelusz-abedo,78,2,last
1030,image,correct,1,2829.65367,6,2,parasol,honisa,parasol-honisa,79,2,last
1030,image,correct,1,2833.254017,6,2,kaczka,izodo,kaczka-izodo,80,2,last
1016,image,correct,1,1505.290247,7,3,dynia,badipret,dynia-badipret,1,1,not-last
1016,image,incorrect,0,1510.758676,7,3,kapelusz,ostana,kapelusz-ostana,2,1,not-last
1016,image,correct,1,1515.227496,7,3,parasol,alo,parasol-alo,3,1,not-last
1016,image,correct,1,1517.707815,7,3,ucho,debota,ucho-debota,4,1,not-last
1016,image,correct,1,1521.997466,7,3,wyspa,ota,wyspa-ota,5,1,not-last
1016,image,correct,1,1525.667713,7,3,fartuch,abedo,fartuch-abedo,6,1,not-last
1016,ortho,incorrect,0,1530.820346,7,3,homar,pekom,homar-pekom,7,1,not-last
1016,image,correct,1,1538.013853,7,3,kolano,izodo,kolano-izodo,8,1,not-last
1016,image,correct,1,1545.868305,7,3,papuga,abuset,papuga-abuset,9,1,not-last
1016,ortho,incorrect,0,1550.191212,7,3,cytryna,staca,cytryna-staca,10,1,not-last
1016,ortho,incorrect,0,1554.567722,7,3,silnik,pakosta,silnik-pakosta,11,1,not-last
1016,ortho,correct,1,1562.482283,7,3,osa,sodem,osa-sodem,12,1,not-last
1016,ortho,correct,1,1567.692247,7,3,stopa,seranak,stopa-seranak,13,1,not-last
1016,image,correct,1,1574.008736,7,3,foka,nalet,foka-nalet,14,1,not-last
1016,image,correct,1,1578.192059,7,3,winda,wema,winda-wema,15,1,not-last
1016,ortho,correct,1,1580.802131,7,3,cebula,chepra,cebula-chepra,16,1,not-last
1016,ortho,incorrect,0,1586.365572,7,3,mewa,lazin,mewa-lazin,17,1,not-last
1016,ortho,correct,1,1591.635985,7,3,koza,ezaja,koza-ezaja,18,1,not-last
1016,image,correct,1,1595.506898,7,3,kaczka,stotewal,kaczka-stotewal,19,1,not-last
1016,ortho,correct,1,1599.355428,7,3,kotwica,lalum,kotwica-lalum,20,1,not-last
1016,image,correct,1,1603.413212,7,3,lustro,tobyla,lustro-tobyla,21,1,not-last
1016,ortho,correct,1,1606.056279,7,3,owca,sawiko,owca-sawiko,22,1,not-last
1016,image,incorrect,0,1608.892807,7,3,dzwonek,waben,dzwonek-waben,23,1,not-last
1016,image,correct,1,1616.94825,7,3,krowa,nedonim,krowa-nedonim,24,1,not-last
1016,image,correct,1,1619.944826,7,3,ryba,lakob,ryba-lakob,25,1,not-last
1016,ortho,correct,1,1623.073094,7,3,skarpetka,prelata,skarpetka-prelata,26,1,not-last
1016,ortho,correct,1,1626.599884,7,3,krawat,rojon,krawat-rojon,27,1,not-last
1016,ortho,correct,1,1632.773595,7,3,zegarek,beler,zegarek-beler,28,1,not-last
1016,image,correct,1,1641.383147,7,3,palec,owiza,palec-owiza,29,1,not-last
1016,ortho,incorrect,0,1645.202755,7,3,papryka,nanoch,papryka-nanoch,30,1,not-last
1016,ortho,correct,1,1651.868598,7,3,gazeta,fena,gazeta-fena,31,1,not-last
1016,image,correct,1,1659.412764,7,3,torba,honisa,torba-honisa,32,1,not-last
1016,image,correct,1,1662.31676,7,3,jajko,obir,jajko-obir,33,1,not-last
1016,ortho,correct,1,1667.075615,7,3,ziemniak,rocepra,ziemniak-rocepra,34,1,not-last
1016,image,correct,1,1678.314484,7,3,lalka,josta,lalka-josta,35,1,not-last
1016,ortho,correct,1,1681.879169,7,3,indyk,deba,indyk-deba,36,1,not-last
1016,ortho,correct,1,1685.464445,7,3,butelka,uwa,butelka-uwa,37,1,not-last
1016,ortho,correct,1,1689.329309,7,3,samolot,techar,samolot-techar,38,1,not-last
1016,ortho,correct,1,1692.688483,7,3,oko,tanek,oko-tanek,39,1,not-last
1016,image,correct,1,1697.189476,7,3,lotnisko,nuketo,lotnisko-nuketo,40,1,not-last
1016,image,correct,1,1701.13091,7,3,dynia,badipret,dynia-badipret,41,2,not-last
1016,image,correct,1,1703.522426,7,3,kapelusz,ostana,kapelusz-ostana,42,2,not-last
1016,ortho,correct,1,1709.149687,7,3,homar,pekom,homar-pekom,43,2,not-last
1016,ortho,correct,1,1714.041912,7,3,cytryna,staca,cytryna-staca,44,2,not-last
1016,image,correct,1,1717.547898,7,3,parasol,alo,parasol-alo,45,2,not-last
1016,ortho,incorrect,0,1720.152734,7,3,silnik,pakosta,silnik-pakosta,46,2,not-last
1016,image,correct,1,1727.342392,7,3,ucho,debota,ucho-debota,47,2,not-last
1016,image,correct,1,1732.045289,7,3,wyspa,ota,wyspa-ota,48,2,not-last
1016,image,correct,1,1734.480905,7,3,fartuch,abedo,fartuch-abedo,49,2,not-last
1016,ortho,incorrect,0,1737.504062,7,3,osa,sodem,osa-sodem,50,2,not-last
1016,ortho,correct,1,1743.53917,7,3,stopa,seranak,stopa-seranak,51,2,not-last
1016,image,correct,1,1748.697494,7,3,kolano,izodo,kolano-izodo,52,2,not-last
1016,image,correct,1,1751.802852,7,3,papuga,abuset,papuga-abuset,53,2,not-last
1016,ortho,correct,1,1756.758672,7,3,cebula,chepra,cebula-chepra,54,2,not-last
1016,ortho,correct,1,1760.787087,7,3,mewa,lazin,mewa-lazin,55,2,not-last
1016,image,correct,1,1768.022226,7,3,foka,nalet,foka-nalet,56,2,not-last
1016,image,correct,1,1770.511437,7,3,winda,wema,winda-wema,57,2,not-last
1016,ortho,correct,1,1773.08919,7,3,koza,ezaja,koza-ezaja,58,2,not-last
1016,image,correct,1,1780.257948,7,3,kaczka,stotewal,kaczka-stotewal,59,2,not-last
1016,ortho,correct,1,1784.305123,7,3,kotwica,lalum,kotwica-lalum,60,2,not-last
1016,ortho,correct,1,1788.197462,7,3,owca,sawiko,owca-sawiko,61,2,not-last
1016,image,correct,1,1793.185674,7,3,lustro,tobyla,lustro-tobyla,62,2,not-last
1016,image,correct,1,1795.894003,7,3,dzwonek,waben,dzwonek-waben,63,2,not-last
1016,ortho,correct,1,1801.897107,7,3,skarpetka,prelata,skarpetka-prelata,64,2,not-last
1016,ortho,correct,1,1804.994043,7,3,krawat,rojon,krawat-rojon,65,2,not-last
1016,image,correct,1,1808.171919,7,3,krowa,nedonim,krowa-nedonim,66,2,not-last
1016,image,correct,1,1813.210075,7,3,ryba,lakob,ryba-lakob,67,2,not-last
1016,ortho,correct,1,1816.840459,7,3,zegarek,beler,zegarek-beler,68,2,not-last
1016,image,correct,1,1821.454704,7,3,palec,owiza,palec-owiza,69,2,not-last
1016,image,correct,1,1826.52729,7,3,torba,honisa,torba-honisa,70,2,not-last
1016,image,correct,1,1828.984762,7,3,jajko,obir,jajko-obir,71,2,not-last
1016,ortho,correct,1,1831.339614,7,3,papryka,nanoch,papryka-nanoch,72,2,not-last
1016,image,correct,1,1838.958794,7,3,lalka,josta,lalka-josta,73,2,not-last
1016,ortho,correct,1,1842.518079,7,3,gazeta,fena,gazeta-fena,74,2,not-last
1016,ortho,correct,1,1850.866218,7,3,ziemniak,rocepra,ziemniak-rocepra,75,2,not-last
1016,ortho,correct,1,1858.952876,7,3,indyk,deba,indyk-deba,76,2,not-last
1016,image,correct,1,1861.654481,7,3,lotnisko,nuketo,lotnisko-nuketo,77,2,not-last
1016,ortho,correct,1,1864.392482,7,3,butelka,uwa,butelka-uwa,78,2,not-last
1016,ortho,correct,1,1867.629551,7,3,samolot,techar,samolot-techar,79,2,not-last
1016,ortho,correct,1,1870.830563,7,3,oko,tanek,oko-tanek,80,2,not-last
1016,ortho,correct,1,1877.197446,7,3,homar,pekom,homar-pekom,81,3,last
1016,ortho,correct,1,1884.609407,7,3,cytryna,staca,cytryna-staca,82,3,last
1016,ortho,correct,1,1889.986425,7,3,silnik,pakosta,silnik-pakosta,83,3,last
1016,image,correct,1,1896.754511,7,3,dynia,badipret,dynia-badipret,84,3,last
1016,ortho,correct,1,1899.201915,7,3,osa,sodem,osa-sodem,85,3,last
1016,image,correct,1,1902.071393,7,3,kapelusz,ostana,kapelusz-ostana,86,3,last
1016,image,correct,1,1904.871669,7,3,parasol,alo,parasol-alo,87,3,last
1016,ortho,correct,1,1907.672353,7,3,stopa,seranak,stopa-seranak,88,3,last
1016,image,correct,1,1911.979707,7,3,ucho,debota,ucho-debota,89,3,last
1016,image,correct,1,1914.53372,7,3,wyspa,ota,wyspa-ota,90,3,last
1016,ortho,correct,1,1917.216928,7,3,cebula,chepra,cebula-chepra,91,3,last
1016,ortho,correct,1,1922.274075,7,3,mewa,lazin,mewa-lazin,92,3,last
1016,image,correct,1,1927.224252,7,3,fartuch,abedo,fartuch-abedo,93,3,last
1016,image,correct,1,1930.161261,7,3,kolano,izodo,kolano-izodo,94,3,last
1016,ortho,correct,1,1936.769452,7,3,koza,ezaja,koza-ezaja,95,3,last
1016,ortho,correct,1,1940.578726,7,3,kotwica,lalum,kotwica-lalum,96,3,last
1016,image,correct,1,1943.223983,7,3,papuga,abuset,papuga-abuset,97,3,last
1016,image,correct,1,1947.427981,7,3,foka,nalet,foka-nalet,98,3,last
1016,image,correct,1,1949.982941,7,3,winda,wema,winda-wema,99,3,last
1016,image,correct,1,1952.461073,7,3,kaczka,stotewal,kaczka-stotewal,100,3,last
1016,image,correct,1,1956.096733,7,3,lustro,tobyla,lustro-tobyla,101,3,last
1016,ortho,correct,1,1960.101887,7,3,owca,sawiko,owca-sawiko,102,3,last
1016,ortho,correct,1,1963.597684,7,3,skarpetka,prelata,skarpetka-prelata,103,3,last
1016,ortho,correct,1,1966.763717,7,3,krawat,rojon,krawat-rojon,104,3,last
1016,ortho,correct,1,1969.219836,7,3,zegarek,beler,zegarek-beler,105,3,last
1016,ortho,correct,1,1976.344886,7,3,papryka,nanoch,papryka-nanoch,106,3,last
1016,image,correct,1,1981.098364,7,3,dzwonek,waben,dzwonek-waben,107,3,last
1016,ortho,correct,1,1984.149487,7,3,gazeta,fena,gazeta-fena,108,3,last
1016,image,correct,1,1988.937594,7,3,krowa,nedonim,krowa-nedonim,109,3,last
1016,image,correct,1,1993.276528,7,3,ryba,lakob,ryba-lakob,110,3,last
1016,ortho,correct,1,1996.568703,7,3,ziemniak,rocepra,ziemniak-rocepra,111,3,last
1016,ortho,correct,1,2006.15103,7,3,indyk,deba,indyk-deba,112,3,last
1016,image,correct,1,2009.240644,7,3,palec,owiza,palec-owiza,113,3,last
1016,ortho,correct,1,2011.614484,7,3,butelka,uwa,butelka-uwa,114,3,last
1016,image,correct,1,2014.105324,7,3,torba,honisa,torba-honisa,115,3,last
1016,ortho,correct,1,2016.834792,7,3,samolot,techar,samolot-techar,116,3,last
1016,ortho,correct,1,2019.952263,7,3,oko,tanek,oko-tanek,117,3,last
1016,image,correct,1,2024.125761,7,3,jajko,obir,jajko-obir,118,3,last
1016,image,correct,1,2026.860635,7,3,lalka,josta,lalka-josta,119,3,last
1016,image,correct,1,2029.645182,7,3,lotnisko,nuketo,lotnisko-nuketo,120,3,last
1028,ortho,correct,1,1356.212212,11,7,homar,pekom,homar-pekom,1,1,not-last
1028,image,correct,1,1363.879732,11,7,dynia,badipret,dynia-badipret,2,1,not-last
1028,image,incorrect,0,1371.042146,11,7,kapelusz,ostana,kapelusz-ostana,3,1,not-last
1028,image,correct,1,1376.642573,11,7,parasol,alo,parasol-alo,4,1,not-last
1028,image,correct,1,1382.030221,11,7,ucho,debota,ucho-debota,5,1,not-last
1028,ortho,correct,1,1386.814142,11,7,cytryna,staca,cytryna-staca,6,1,not-last
1028,ortho,correct,1,1390.803873,11,7,silnik,pakosta,silnik-pakosta,7,1,not-last
1028,image,correct,1,1398.109748,11,7,wyspa,ota,wyspa-ota,8,1,not-last
1028,ortho,incorrect,0,1401.130899,11,7,osa,sodem,osa-sodem,9,1,not-last
1028,ortho,incorrect,0,1408.599938,11,7,stopa,seranak,stopa-seranak,10,1,not-last
1028,ortho,correct,1,1416.720232,11,7,cebula,chepra,cebula-chepra,11,1,not-last
1028,image,incorrect,0,1421.834457,11,7,fartuch,abedo,fartuch-abedo,12,1,not-last
1028,image,correct,1,1426.681925,11,7,kolano,izodo,kolano-izodo,13,1,not-last
1028,image,incorrect,0,1431.151405,11,7,papuga,abuset,papuga-abuset,14,1,not-last
1028,image,correct,1,1434.62836,11,7,foka,nalet,foka-nalet,15,1,not-last
1028,image,correct,1,1441.084524,11,7,winda,wema,winda-wema,16,1,not-last
1028,image,correct,1,1443.746074,11,7,kaczka,stotewal,kaczka-stotewal,17,1,not-last
1028,ortho,incorrect,0,1450.44686,11,7,mewa,lazin,mewa-lazin,18,1,not-last
1028,ortho,correct,1,1461.370105,11,7,koza,ezaja,koza-ezaja,19,1,not-last
1028,ortho,correct,1,1471.290689,11,7,kotwica,lalum,kotwica-lalum,20,1,not-last
1028,ortho,correct,1,1474.244801,11,7,owca,sawiko,owca-sawiko,21,1,not-last
1028,ortho,correct,1,1480.524871,11,7,skarpetka,prelata,skarpetka-prelata,22,1,not-last
1028,ortho,correct,1,1484.112611,11,7,krawat,rojon,krawat-rojon,23,1,not-last
1028,ortho,correct,1,1487.229475,11,7,zegarek,beler,zegarek-beler,24,1,not-last
1028,ortho,correct,1,1492.343048,11,7,papryka,nanoch,papryka-nanoch,25,1,not-last
1028,image,correct,1,1500.577214,11,7,lustro,tobyla,lustro-tobyla,26,1,not-last
1028,image,correct,1,1504.894239,11,7,dzwonek,waben,dzwonek-waben,27,1,not-last
1028,image,correct,1,1508.106197,11,7,krowa,nedonim,krowa-nedonim,28,1,not-last
1028,image,correct,1,1517.365649,11,7,ryba,lakob,ryba-lakob,29,1,not-last
1028,ortho,correct,1,1521.351056,11,7,gazeta,fena,gazeta-fena,30,1,not-last
1028,image,correct,1,1524.553709,11,7,palec,owiza,palec-owiza,31,1,not-last
1028,image,correct,1,1527.950869,11,7,torba,honisa,torba-honisa,32,1,not-last
1028,image,correct,1,1531.615739,11,7,jajko,obir,jajko-obir,33,1,not-last
1028,ortho,correct,1,1534.939807,11,7,ziemniak,rocepra,ziemniak-rocepra,34,1,not-last
1028,image,correct,1,1544.343469,11,7,lalka,josta,lalka-josta,35,1,not-last
1028,ortho,incorrect,0,1548.0779,11,7,indyk,deba,indyk-deba,36,1,not-last
1028,ortho,correct,1,1563.234737,11,7,butelka,uwa,butelka-uwa,37,1,not-last
1028,image,correct,1,1567.081036,11,7,lotnisko,nuketo,lotnisko-nuketo,38,1,not-last
1028,ortho,incorrect,0,1570.154384,11,7,samolot,techar,samolot-techar,39,1,not-last
1028,ortho,correct,1,1576.177116,11,7,oko,tanek,oko-tanek,40,1,not-last
1028,ortho,correct,1,1582.319046,11,7,homar,pekom,homar-pekom,41,2,not-last
1028,ortho,correct,1,1592.418377,11,7,cytryna,staca,cytryna-staca,42,2,not-last
1028,image,correct,1,1596.578742,11,7,dynia,badipret,dynia-badipret,43,2,not-last
1028,image,correct,1,1600.550911,11,7,kapelusz,ostana,kapelusz-ostana,44,2,not-last
1028,image,correct,1,1607.240044,11,7,parasol,alo,parasol-alo,45,2,not-last
1028,ortho,correct,1,1610.197167,11,7,silnik,pakosta,silnik-pakosta,46,2,not-last
1028,image,correct,1,1619.026726,11,7,ucho,debota,ucho-debota,47,2,not-last
1028,ortho,correct,1,1624.482329,11,7,osa,sodem,osa-sodem,48,2,not-last
1028,image,correct,1,1635.284887,11,7,wyspa,ota,wyspa-ota,49,2,not-last
1028,ortho,incorrect,0,1639.077851,11,7,stopa,seranak,stopa-seranak,50,2,not-last
1028,ortho,incorrect,0,1651.17086,11,7,cebula,chepra,cebula-chepra,51,2,not-last
1028,image,correct,1,1659.162355,11,7,fartuch,abedo,fartuch-abedo,52,2,not-last
1028,image,correct,1,1666.134136,11,7,kolano,izodo,kolano-izodo,53,2,not-last
1028,ortho,incorrect,0,1669.812709,11,7,mewa,lazin,mewa-lazin,54,2,not-last
1028,ortho,correct,1,1678.648554,11,7,koza,ezaja,koza-ezaja,55,2,not-last
1028,image,incorrect,0,1685.257987,11,7,papuga,abuset,papuga-abuset,56,2,not-last
1028,ortho,correct,1,1690.448604,11,7,kotwica,lalum,kotwica-lalum,57,2,not-last
1028,ortho,correct,1,1693.992281,11,7,owca,sawiko,owca-sawiko,58,2,not-last
1028,ortho,correct,1,1702.761382,11,7,skarpetka,prelata,skarpetka-prelata,59,2,not-last
1028,ortho,correct,1,1705.647599,11,7,krawat,rojon,krawat-rojon,60,2,not-last
1028,ortho,correct,1,1708.413928,11,7,zegarek,beler,zegarek-beler,61,2,not-last
1028,ortho,correct,1,1712.185838,11,7,papryka,nanoch,papryka-nanoch,62,2,not-last
1028,image,correct,1,1716.866513,11,7,foka,nalet,foka-nalet,63,2,not-last
1028,image,correct,1,1726.158947,11,7,winda,wema,winda-wema,64,2,not-last
1028,ortho,correct,1,1728.893135,11,7,gazeta,fena,gazeta-fena,65,2,not-last
1028,image,correct,1,1734.255674,11,7,kaczka,stotewal,kaczka-stotewal,66,2,not-last
1028,ortho,correct,1,1740.764272,11,7,ziemniak,rocepra,ziemniak-rocepra,67,2,not-last
1028,ortho,correct,1,1745.704797,11,7,indyk,deba,indyk-deba,68,2,not-last
1028,ortho,correct,1,1756.645126,11,7,butelka,uwa,butelka-uwa,69,2,not-last
1028,image,correct,1,1759.59123,11,7,lustro,tobyla,lustro-tobyla,70,2,not-last
1028,image,correct,1,1763.610405,11,7,dzwonek,waben,dzwonek-waben,71,2,not-last
1028,image,correct,1,1767.140406,11,7,krowa,nedonim,krowa-nedonim,72,2,not-last
1028,image,correct,1,1771.020137,11,7,ryba,lakob,ryba-lakob,73,2,not-last
1028,image,correct,1,1774.003515,11,7,palec,owiza,palec-owiza,74,2,not-last
1028,ortho,correct,1,1777.308717,11,7,samolot,techar,samolot-techar,75,2,not-last
1028,ortho,correct,1,1783.055652,11,7,oko,tanek,oko-tanek,76,2,not-last
1028,image,correct,1,1789.5956,11,7,torba,honisa,torba-honisa,77,2,not-last
1028,image,correct,1,1792.336485,11,7,jajko,obir,jajko-obir,78,2,not-last
1028,image,correct,1,1795.143808,11,7,lalka,josta,lalka-josta,79,2,not-last
1028,image,correct,1,1797.712581,11,7,lotnisko,nuketo,lotnisko-nuketo,80,2,not-last
1028,ortho,correct,1,1800.891643,11,7,homar,pekom,homar-pekom,81,3,not-last
1028,ortho,correct,1,1816.81033,11,7,cytryna,staca,cytryna-staca,82,3,not-last
1028,image,incorrect,0,1822.844472,11,7,dynia,badipret,dynia-badipret,83,3,not-last
1028,ortho,correct,1,1829.782327,11,7,silnik,pakosta,silnik-pakosta,84,3,not-last
1028,image,incorrect,0,1833.182967,11,7,kapelusz,ostana,kapelusz-ostana,85,3,not-last
1028,image,correct,1,1838.259321,11,7,parasol,alo,parasol-alo,86,3,not-last
1028,ortho,correct,1,1840.96682,11,7,osa,sodem,osa-sodem,87,3,not-last
1028,ortho,incorrect,0,1851.219514,11,7,stopa,seranak,stopa-seranak,88,3,not-last
1028,ortho,incorrect,0,1860.665738,11,7,cebula,chepra,cebula-chepra,89,3,not-last
1028,ortho,incorrect,0,1867.915807,11,7,mewa,lazin,mewa-lazin,90,3,not-last
1028,image,correct,1,1872.505412,11,7,ucho,debota,ucho-debota,91,3,not-last
1028,ortho,correct,1,1880.885515,11,7,koza,ezaja,koza-ezaja,92,3,not-last
1028,image,correct,1,1885.432388,11,7,wyspa,ota,wyspa-ota,93,3,not-last
1028,ortho,correct,1,1887.79944,11,7,kotwica,lalum,kotwica-lalum,94,3,not-last
1028,ortho,correct,1,1891.042865,11,7,owca,sawiko,owca-sawiko,95,3,not-last
1028,ortho,correct,1,1896.725917,11,7,skarpetka,prelata,skarpetka-prelata,96,3,not-last
1028,ortho,correct,1,1900.55251,11,7,krawat,rojon,krawat-rojon,97,3,not-last
1028,ortho,correct,1,1903.941434,11,7,zegarek,beler,zegarek-beler,98,3,not-last
1028,ortho,correct,1,1908.063957,11,7,papryka,nanoch,papryka-nanoch,99,3,not-last
1028,ortho,correct,1,1914.497285,11,7,gazeta,fena,gazeta-fena,100,3,not-last
1028,image,correct,1,1921.266648,11,7,fartuch,abedo,fartuch-abedo,101,3,not-last
1028,image,correct,1,1934.555142,11,7,kolano,izodo,kolano-izodo,102,3,not-last
1028,ortho,correct,1,1938.351146,11,7,ziemniak,rocepra,ziemniak-rocepra,103,3,not-last
1028,image,incorrect,0,1943.716507,11,7,papuga,abuset,papuga-abuset,104,3,not-last
1028,image,correct,1,1954.220766,11,7,foka,nalet,foka-nalet,105,3,not-last
1028,image,correct,1,1957.960995,11,7,winda,wema,winda-wema,106,3,not-last
1028,ortho,correct,1,1960.813343,11,7,indyk,deba,indyk-deba,107,3,not-last
1028,ortho,correct,1,1967.192697,11,7,butelka,uwa,butelka-uwa,108,3,not-last
1028,ortho,correct,1,1969.986814,11,7,samolot,techar,samolot-techar,109,3,not-last
1028,ortho,correct,1,1974.959449,11,7,oko,tanek,oko-tanek,110,3,not-last
1028,image,correct,1,1978.413314,11,7,kaczka,stotewal,kaczka-stotewal,111,3,not-last
1028,image,correct,1,1985.443204,11,7,lustro,tobyla,lustro-tobyla,112,3,not-last
1028,image,correct,1,1988.444165,11,7,dzwonek,waben,dzwonek-waben,113,3,not-last
1028,image,correct,1,1991.345416,11,7,krowa,nedonim,krowa-nedonim,114,3,not-last
1028,image,correct,1,1995.599279,11,7,ryba,lakob,ryba-lakob,115,3,not-last
1028,image,correct,1,1998.238583,11,7,palec,owiza,palec-owiza,116,3,not-last
1028,image,correct,1,2000.855908,11,7,torba,honisa,torba-honisa,117,3,not-last
1028,image,correct,1,2003.359116,11,7,jajko,obir,jajko-obir,118,3,not-last
1028,image,correct,1,2006.637726,11,7,lalka,josta,lalka-josta,119,3,not-last
1028,image,correct,1,2010.046711,11,7,lotnisko,nuketo,lotnisko-nuketo,120,3,not-last
1028,image,correct,1,2013.94649,11,7,dynia,badipret,dynia-badipret,121,4,not-last
1028,ortho,correct,1,2020.254405,11,7,homar,pekom,homar-pekom,122,4,not-last
1028,ortho,correct,1,2028.59267,11,7,cytryna,staca,cytryna-staca,123,4,not-last
1028,image,incorrect,0,2031.146459,11,7,kapelusz,ostana,kapelusz-ostana,124,4,not-last
1028,ortho,incorrect,0,2040.443673,11,7,silnik,pakosta,silnik-pakosta,125,4,not-last
1028,ortho,correct,1,2049.055732,11,7,osa,sodem,osa-sodem,126,4,not-last
1028,image,correct,1,2054.392823,11,7,parasol,alo,parasol-alo,127,4,not-last
1028,image,correct,1,2057.773721,11,7,ucho,debota,ucho-debota,128,4,not-last
1028,image,correct,1,2065.425478,11,7,wyspa,ota,wyspa-ota,129,4,not-last
1028,ortho,correct,1,2068.190161,11,7,stopa,seranak,stopa-seranak,130,4,not-last
1028,image,correct,1,2081.493772,11,7,fartuch,abedo,fartuch-abedo,131,4,not-last
1028,image,correct,1,2086.852772,11,7,kolano,izodo,kolano-izodo,132,4,not-last
1028,ortho,incorrect,0,2089.455533,11,7,cebula,chepra,cebula-chepra,133,4,not-last
1028,image,incorrect,0,2104.032203,11,7,papuga,abuset,papuga-abuset,134,4,not-last
1028,image,correct,1,2111.756338,11,7,foka,nalet,foka-nalet,135,4,not-last
1028,ortho,incorrect,0,2115.298811,11,7,mewa,lazin,mewa-lazin,136,4,not-last
1028,ortho,correct,1,2128.887376,11,7,koza,ezaja,koza-ezaja,137,4,not-last
1028,image,correct,1,2132.144938,11,7,winda,wema,winda-wema,138,4,not-last
1028,ortho,correct,1,2134.927255,11,7,kotwica,lalum,kotwica-lalum,139,4,not-last
1028,ortho,correct,1,2138.034305,11,7,owca,sawiko,owca-sawiko,140,4,not-last
1028,image,correct,1,2142.458973,11,7,kaczka,stotewal,kaczka-stotewal,141,4,not-last
1028,ortho,correct,1,2146.381206,11,7,skarpetka,prelata,skarpetka-prelata,142,4,not-last
1028,image,correct,1,2149.862371,11,7,lustro,tobyla,lustro-tobyla,143,4,not-last
1028,ortho,correct,1,2155.679189,11,7,krawat,rojon,krawat-rojon,144,4,not-last
1028,ortho,correct,1,2158.718874,11,7,zegarek,beler,zegarek-beler,145,4,not-last
1028,image,correct,1,2163.81427,11,7,dzwonek,waben,dzwonek-waben,146,4,not-last
1028,image,correct,1,2167.002498,11,7,krowa,nedonim,krowa-nedonim,147,4,not-last
1028,ortho,correct,1,2173.469557,11,7,papryka,nanoch,papryka-nanoch,148,4,not-last
1028,image,correct,1,2180.736269,11,7,ryba,lakob,ryba-lakob,149,4,not-last
1028,image,correct,1,2184.106775,11,7,palec,owiza,palec-owiza,150,4,not-last
1028,ortho,correct,1,2186.616906,11,7,gazeta,fena,gazeta-fena,151,4,not-last
1028,image,correct,1,2189.402907,11,7,torba,honisa,torba-honisa,152,4,not-last
1028,image,correct,1,2192.079017,11,7,jajko,obir,jajko-obir,153,4,not-last
1028,ortho,correct,1,2194.92719,11,7,ziemniak,rocepra,ziemniak-rocepra,154,4,not-last
1028,ortho,correct,1,2198.215084,11,7,indyk,deba,indyk-deba,155,4,not-last
1028,ortho,correct,1,2202.933507,11,7,butelka,uwa,butelka-uwa,156,4,not-last
1028,ortho,correct,1,2205.835559,11,7,samolot,techar,samolot-techar,157,4,not-last
1028,ortho,correct,1,2209.095393,11,7,oko,tanek,oko-tanek,158,4,not-last
1028,image,correct,1,2213.302327,11,7,lalka,josta,lalka-josta,159,4,not-last
1028,image,correct,1,2217.031769,11,7,lotnisko,nuketo,lotnisko-nuketo,160,4,not-last
1028,ortho,correct,1,2219.5047,11,7,homar,pekom,homar-pekom,161,5,not-last
1028,image,correct,1,2225.71561,11,7,dynia,badipret,dynia-badipret,162,5,not-last
1028,image,correct,1,2230.200566,11,7,kapelusz,ostana,kapelusz-ostana,163,5,not-last
1028,image,correct,1,2235.80834,11,7,parasol,alo,parasol-alo,164,5,not-last
1028,image,correct,1,2240.900657,11,7,ucho,debota,ucho-debota,165,5,not-last
1028,ortho,correct,1,2245.363657,11,7,cytryna,staca,cytryna-staca,166,5,not-last
1028,image,correct,1,2249.345275,11,7,wyspa,ota,wyspa-ota,167,5,not-last
1028,image,correct,1,2251.488768,11,7,fartuch,abedo,fartuch-abedo,168,5,not-last
1028,ortho,correct,1,2255.833871,11,7,silnik,pakosta,silnik-pakosta,169,5,not-last
1028,ortho,correct,1,2259.903465,11,7,osa,sodem,osa-sodem,170,5,not-last
1028,ortho,incorrect,0,2266.088411,11,7,stopa,seranak,stopa-seranak,171,5,not-last
1028,image,correct,1,2271.301036,11,7,kolano,izodo,kolano-izodo,172,5,not-last
1028,image,correct,1,2273.916921,11,7,papuga,abuset,papuga-abuset,173,5,not-last
1028,image,correct,1,2279.272345,11,7,foka,nalet,foka-nalet,174,5,not-last
1028,image,correct,1,2283.783351,11,7,winda,wema,winda-wema,175,5,not-last
1028,image,correct,1,2286.417346,11,7,kaczka,stotewal,kaczka-stotewal,176,5,not-last
1028,image,correct,1,2291.3382,11,7,lustro,tobyla,lustro-tobyla,177,5,not-last
1028,image,correct,1,2295.032195,11,7,dzwonek,waben,dzwonek-waben,178,5,not-last
1028,image,correct,1,2298.814095,11,7,krowa,nedonim,krowa-nedonim,179,5,not-last
1028,image,correct,1,2303.163737,11,7,ryba,lakob,ryba-lakob,180,5,not-last
1028,image,correct,1,2307.70429,11,7,palec,owiza,palec-owiza,181,5,not-last
1028,ortho,correct,1,2311.07161,11,7,cebula,chepra,cebula-chepra,182,5,not-last
1028,ortho,incorrect,0,2318.318757,11,7,mewa,lazin,mewa-lazin,183,5,not-last
1028,ortho,correct,1,2326.974142,11,7,koza,ezaja,koza-ezaja,184,5,not-last
1028,ortho,correct,1,2331.936877,11,7,kotwica,lalum,kotwica-lalum,185,5,not-last
1028,ortho,correct,1,2334.991986,11,7,owca,sawiko,owca-sawiko,186,5,not-last
1028,ortho,correct,1,2339.107565,11,7,skarpetka,prelata,skarpetka-prelata,187,5,not-last
1028,ortho,correct,1,2342.103419,11,7,krawat,rojon,krawat-rojon,188,5,not-last
1028,ortho,correct,1,2345.291961,11,7,zegarek,beler,zegarek-beler,189,5,not-last
1028,ortho,correct,1,2349.194356,11,7,papryka,nanoch,papryka-nanoch,190,5,not-last
1028,ortho,correct,1,2351.930032,11,7,gazeta,fena,gazeta-fena,191,5,not-last
1028,image,correct,1,2356.570584,11,7,torba,honisa,torba-honisa,192,5,not-last
1028,image,correct,1,2359.571711,11,7,jajko,obir,jajko-obir,193,5,not-last
1028,ortho,correct,1,2361.980086,11,7,ziemniak,rocepra,ziemniak-rocepra,194,5,not-last
1028,ortho,correct,1,2367.599196,11,7,indyk,deba,indyk-deba,195,5,not-last
1028,ortho,correct,1,2371.548906,11,7,butelka,uwa,butelka-uwa,196,5,not-last
1028,ortho,correct,1,2374.164909,11,7,samolot,techar,samolot-techar,197,5,not-last
1028,ortho,correct,1,2377.310627,11,7,oko,tanek,oko-tanek,198,5,not-last
1028,image,correct,1,2381.44937,11,7,lalka,josta,lalka-josta,199,5,not-last
1028,image,correct,1,2385.298696,11,7,lotnisko,nuketo,lotnisko-nuketo,200,5,not-last
1028,ortho,correct,1,2388.172384,11,7,homar,pekom,homar-pekom,201,6,not-last
1028,ortho,correct,1,2401.453266,11,7,cytryna,staca,cytryna-staca,202,6,not-last
1028,ortho,correct,1,2404.417442,11,7,silnik,pakosta,silnik-pakosta,203,6,not-last
1028,ortho,correct,1,2408.096379,11,7,osa,sodem,osa-sodem,204,6,not-last
1028,ortho,correct,1,2411.756132,11,7,stopa,seranak,stopa-seranak,205,6,not-last
1028,ortho,correct,1,2417.413711,11,7,cebula,chepra,cebula-chepra,206,6,not-last
1028,image,correct,1,2421.740286,11,7,dynia,badipret,dynia-badipret,207,6,not-last
1028,image,correct,1,2425.638564,11,7,kapelusz,ostana,kapelusz-ostana,208,6,not-last
1028,ortho,incorrect,0,2429.259012,11,7,mewa,lazin,mewa-lazin,209,6,not-last
1028,image,correct,1,2435.592805,11,7,parasol,alo,parasol-alo,210,6,not-last
1028,image,incorrect,0,2438.449846,11,7,ucho,debota,ucho-debota,211,6,not-last
1028,ortho,correct,1,2444.460223,11,7,koza,ezaja,koza-ezaja,212,6,not-last
1028,ortho,correct,1,2451.744474,11,7,kotwica,lalum,kotwica-lalum,213,6,not-last
1028,image,correct,1,2455.822643,11,7,wyspa,ota,wyspa-ota,214,6,not-last
1028,image,correct,1,2458.337615,11,7,fartuch,abedo,fartuch-abedo,215,6,not-last
1028,ortho,correct,1,2461.102526,11,7,owca,sawiko,owca-sawiko,216,6,not-last
1028,ortho,correct,1,2464.981415,11,7,skarpetka,prelata,skarpetka-prelata,217,6,not-last
1028,image,correct,1,2469.310106,11,7,kolano,izodo,kolano-izodo,218,6,not-last
1028,image,incorrect,0,2471.762486,11,7,papuga,abuset,papuga-abuset,219,6,not-last
1028,image,correct,1,2477.754375,11,7,foka,nalet,foka-nalet,220,6,not-last
1028,ortho,correct,1,2481.151795,11,7,krawat,rojon,krawat-rojon,221,6,not-last
1028,ortho,correct,1,2486.612314,11,7,zegarek,beler,zegarek-beler,222,6,not-last
1028,image,correct,1,2490.992166,11,7,winda,wema,winda-wema,223,6,not-last
1028,ortho,correct,1,2493.717524,11,7,papryka,nanoch,papryka-nanoch,224,6,not-last
1028,ortho,correct,1,2496.531866,11,7,gazeta,fena,gazeta-fena,225,6,not-last
1028,image,correct,1,2499.351728,11,7,kaczka,stotewal,kaczka-stotewal,226,6,not-last
1028,image,correct,1,2504.560632,11,7,lustro,tobyla,lustro-tobyla,227,6,not-last
1028,ortho,correct,1,2507.053759,11,7,ziemniak,rocepra,ziemniak-rocepra,228,6,not-last
1028,image,correct,1,2511.125753,11,7,dzwonek,waben,dzwonek-waben,229,6,not-last
1028,image,correct,1,2514.615983,11,7,krowa,nedonim,krowa-nedonim,230,6,not-last
1028,image,correct,1,2517.762599,11,7,ryba,lakob,ryba-lakob,231,6,not-last
1028,image,correct,1,2522.236242,11,7,palec,owiza,palec-owiza,232,6,not-last
1028,image,correct,1,2524.578878,11,7,torba,honisa,torba-honisa,233,6,not-last
1028,image,correct,1,2527.364179,11,7,jajko,obir,jajko-obir,234,6,not-last
1028,image,correct,1,2530.079278,11,7,lalka,josta,lalka-josta,235,6,not-last
1028,ortho,correct,1,2533.004831,11,7,indyk,deba,indyk-deba,236,6,not-last
1028,image,correct,1,2536.412558,11,7,lotnisko,nuketo,lotnisko-nuketo,237,6,not-last
1028,ortho,correct,1,2539.404962,11,7,butelka,uwa,butelka-uwa,238,6,not-last
1028,ortho,correct,1,2542.3063,11,7,samolot,techar,samolot-techar,239,6,not-last
1028,ortho,correct,1,2545.936979,11,7,oko,tanek,oko-tanek,240,6,not-last
1028,image,correct,1,2551.29356,11,7,dynia,badipret,dynia-badipret,241,7,last
1028,image,correct,1,2554.597818,11,7,kapelusz,ostana,kapelusz-ostana,242,7,last
1028,image,correct,1,2558.866091,11,7,parasol,alo,parasol-alo,243,7,last
1028,image,correct,1,2561.450348,11,7,ucho,debota,ucho-debota,244,7,last
1028,image,correct,1,2565.197506,11,7,wyspa,ota,wyspa-ota,245,7,last
1028,image,correct,1,2567.438202,11,7,fartuch,abedo,fartuch-abedo,246,7,last
1028,image,correct,1,2571.781334,11,7,kolano,izodo,kolano-izodo,247,7,last
1028,image,correct,1,2574.495006,11,7,papuga,abuset,papuga-abuset,248,7,last
1028,image,correct,1,2578.8297,11,7,foka,nalet,foka-nalet,249,7,last
1028,image,correct,1,2582.316294,11,7,winda,wema,winda-wema,250,7,last
1028,image,correct,1,2584.738582,11,7,kaczka,stotewal,kaczka-stotewal,251,7,last
1028,ortho,correct,1,2587.869179,11,7,homar,pekom,homar-pekom,252,7,last
1028,ortho,correct,1,2592.517476,11,7,cytryna,staca,cytryna-staca,253,7,last
1028,image,correct,1,2595.685952,11,7,lustro,tobyla,lustro-tobyla,254,7,last
1028,ortho,correct,1,2598.623925,11,7,silnik,pakosta,silnik-pakosta,255,7,last
1028,ortho,correct,1,2602.382096,11,7,osa,sodem,osa-sodem,256,7,last
1028,ortho,correct,1,2609.089098,11,7,stopa,seranak,stopa-seranak,257,7,last
1028,image,correct,1,2614.425914,11,7,dzwonek,waben,dzwonek-waben,258,7,last
1028,image,correct,1,2618.306306,11,7,krowa,nedonim,krowa-nedonim,259,7,last
1028,ortho,correct,1,2621.026725,11,7,cebula,chepra,cebula-chepra,260,7,last
1028,image,correct,1,2624.789471,11,7,ryba,lakob,ryba-lakob,261,7,last
1028,ortho,correct,1,2627.996514,11,7,mewa,lazin,mewa-lazin,262,7,last
1028,ortho,correct,1,2635.768911,11,7,koza,ezaja,koza-ezaja,263,7,last
1028,image,correct,1,2638.392031,11,7,palec,owiza,palec-owiza,264,7,last
1028,ortho,correct,1,2640.699214,11,7,kotwica,lalum,kotwica-lalum,265,7,last
1028,image,correct,1,2644.12021,11,7,torba,honisa,torba-honisa,266,7,last
1028,image,correct,1,2646.876489,11,7,jajko,obir,jajko-obir,267,7,last
1028,image,correct,1,2649.586039,11,7,lalka,josta,lalka-josta,268,7,last
1028,image,correct,1,2652.582094,11,7,lotnisko,nuketo,lotnisko-nuketo,269,7,last
1028,ortho,correct,1,2654.986343,11,7,owca,sawiko,owca-sawiko,270,7,last
1028,ortho,correct,1,2658.066257,11,7,skarpetka,prelata,skarpetka-prelata,271,7,last
1028,ortho,correct,1,2661.508255,11,7,krawat,rojon,krawat-rojon,272,7,last
1028,ortho,correct,1,2670.158274,11,7,zegarek,beler,zegarek-beler,273,7,last
1028,ortho,correct,1,2675.61166,11,7,papryka,nanoch,papryka-nanoch,274,7,last
1028,ortho,correct,1,2678.687907,11,7,gazeta,fena,gazeta-fena,275,7,last
1028,ortho,correct,1,2681.479434,11,7,ziemniak,rocepra,ziemniak-rocepra,276,7,last
1028,ortho,correct,1,2684.455493,11,7,indyk,deba,indyk-deba,277,7,last
1028,ortho,correct,1,2687.52848,11,7,butelka,uwa,butelka-uwa,278,7,last
1028,ortho,correct,1,2692.314865,11,7,samolot,techar,samolot-techar,279,7,last
1028,ortho,correct,1,2696.061382,11,7,oko,tanek,oko-tanek,280,7,last
1004,ortho,correct,1,1215.48316,7,3,homar,pekom,homar-pekom,1,1,not-last
1004,image,correct,1,1224.015149,7,3,dynia,badipret,dynia-badipret,2,1,not-last
1004,ortho,correct,1,1227.869737,7,3,cytryna,staca,cytryna-staca,3,1,not-last
1004,ortho,correct,1,1231.270865,7,3,silnik,pakosta,silnik-pakosta,4,1,not-last
1004,ortho,incorrect,0,1235.291594,7,3,homar,pekom,homar-pekom,5,1,not-last
1004,ortho,correct,1,1240.022126,7,3,stopa,seranak,stopa-seranak,6,1,not-last
1004,ortho,correct,1,1242.907767,7,3,cebula,chepra,cebula-chepra,7,1,not-last
1004,image,correct,1,1246.269159,7,3,kapelusz,ostana,kapelusz-ostana,8,1,not-last
1004,image,correct,1,1250.068469,7,3,parasol,alo,parasol-alo,9,1,not-last
1004,image,correct,1,1252.802808,7,3,ucho,debota,ucho-debota,10,1,not-last
1004,ortho,correct,1,1255.945346,7,3,mewa,lazin,mewa-lazin,11,1,not-last
1004,image,correct,1,1258.584329,7,3,wyspa,ota,wyspa-ota,12,1,not-last
1004,ortho,correct,1,1260.783909,7,3,koza,ezaja,koza-ezaja,13,1,not-last
1004,ortho,correct,1,1264.409841,7,3,kotwica,lalum,kotwica-lalum,14,1,not-last
1004,image,correct,1,1267.077581,7,3,fartuch,abedo,fartuch-abedo,15,1,not-last
1004,image,correct,1,1270.421801,7,3,kolano,izodo,kolano-izodo,16,1,not-last
1004,ortho,correct,1,1273.403515,7,3,owca,sawiko,owca-sawiko,17,1,not-last
1004,ortho,correct,1,1277.258594,7,3,skarpetka,prelata,skarpetka-prelata,18,1,not-last
1004,image,correct,1,1281.115574,7,3,papuga,abuset,papuga-abuset,19,1,not-last
1004,image,correct,1,1284.737573,7,3,foka,nalet,foka-nalet,20,1,not-last
1004,image,correct,1,1287.780135,7,3,winda,wema,winda-wema,21,1,not-last
1004,image,correct,1,1290.409296,7,3,kaczka,stotewal,kaczka-stotewal,22,1,not-last
1004,ortho,correct,1,1293.695482,7,3,krawat,rojon,krawat-rojon,23,1,not-last
1004,image,correct,1,1296.271082,7,3,lustro,tobyla,lustro-tobyla,24,1,not-last
1004,ortho,incorrect,0,1301.121945,7,3,ziemniak,rocepra,ziemniak-rocepra,25,1,not-last
1004,image,incorrect,0,1304.579524,7,3,ryba,lakob,ryba-lakob,26,1,not-last
1004,image,correct,1,1308.259902,7,3,krowa,nedonim,krowa-nedonim,27,1,not-last
1004,image,correct,1,1310.944374,7,3,ryba,lakob,ryba-lakob,28,1,not-last
1004,image,correct,1,1313.612444,7,3,palec,owiza,palec-owiza,29,1,not-last
1004,ortho,correct,1,1316.642012,7,3,papryka,nanoch,papryka-nanoch,30,1,not-last
1004,image,correct,1,1319.349464,7,3,torba,honisa,torba-honisa,31,1,not-last
1004,ortho,correct,1,1322.015722,7,3,gazeta,fena,gazeta-fena,32,1,not-last
1004,image,correct,1,1325.160997,7,3,jajko,obir,jajko-obir,33,1,not-last
1004,ortho,correct,1,1327.515885,7,3,ziemniak,rocepra,ziemniak-rocepra,34,1,not-last
1004,ortho,correct,1,1330.270875,7,3,indyk,deba,indyk-deba,35,1,not-last
1004,ortho,correct,1,1333.094001,7,3,butelka,uwa,butelka-uwa,36,1,not-last
1004,image,correct,1,1335.647801,7,3,lalka,josta,lalka-josta,37,1,not-last
1004,image,correct,1,1338.148305,7,3,lotnisko,nuketo,lotnisko-nuketo,38,1,not-last
1004,ortho,correct,1,1341.194944,7,3,samolot,techar,samolot-techar,39,1,not-last
1004,ortho,correct,1,1345.123557,7,3,oko,tanek,oko-tanek,40,1,not-last
1004,image,correct,1,1351.144928,7,3,dynia,badipret,dynia-badipret,41,2,last
1004,image,correct,1,1353.526675,7,3,kapelusz,ostana,kapelusz-ostana,42,2,last
1004,image,correct,1,1356.554125,7,3,parasol,alo,parasol-alo,43,2,last
1004,ortho,incorrect,0,1358.571244,7,3,osa,sodem,osa-sodem,44,2,last
1004,image,correct,1,1362.359216,7,3,ucho,debota,ucho-debota,45,2,last
1004,ortho,correct,1,1365.75631,7,3,cytryna,staca,cytryna-staca,46,2,last
1004,image,correct,1,1368.832713,7,3,wyspa,ota,wyspa-ota,47,2,last
1004,image,correct,1,1371.085464,7,3,fartuch,abedo,fartuch-abedo,48,2,last
1004,ortho,correct,1,1374.451758,7,3,silnik,pakosta,silnik-pakosta,49,2,last
1004,ortho,correct,1,1377.782706,7,3,osa,sodem,osa-sodem,50,2,last
1004,image,correct,1,1381.739905,7,3,kolano,izodo,kolano-izodo,51,2,last
1004,ortho,correct,1,1384.022753,7,3,stopa,seranak,stopa-seranak,52,2,last
1004,image,correct,1,1387.145422,7,3,papuga,abuset,papuga-abuset,53,2,last
1004,image,correct,1,1389.539584,7,3,foka,nalet,foka-nalet,54,2,last
1004,ortho,correct,1,1392.086474,7,3,cebula,chepra,cebula-chepra,55,2,last
1004,image,correct,1,1394.512664,7,3,winda,wema,winda-wema,56,2,last
1004,ortho,correct,1,1396.786897,7,3,mewa,lazin,mewa-lazin,57,2,last
1004,ortho,correct,1,1399.027378,7,3,koza,ezaja,koza-ezaja,58,2,last
1004,image,correct,1,1401.413991,7,3,kaczka,stotewal,kaczka-stotewal,59,2,last
1004,ortho,correct,1,1403.839863,7,3,kotwica,lalum,kotwica-lalum,60,2,last
1004,ortho,correct,1,1406.642229,7,3,owca,sawiko,owca-sawiko,61,2,last
1004,ortho,correct,1,1411.142013,7,3,skarpetka,prelata,skarpetka-prelata,62,2,last
1004,image,correct,1,1413.872877,7,3,lustro,tobyla,lustro-tobyla,63,2,last
1004,image,correct,1,1416.923988,7,3,dzwonek,waben,dzwonek-waben,64,2,last
1004,ortho,incorrect,0,1419.399162,7,3,krawat,rojon,krawat-rojon,65,2,last
1004,image,correct,1,1422.735774,7,3,krowa,nedonim,krowa-nedonim,66,2,last
1004,image,correct,1,1426.787784,7,3,ryba,lakob,ryba-lakob,67,2,last
1004,image,correct,1,1429.734399,7,3,palec,owiza,palec-owiza,68,2,last
1004,ortho,correct,1,1432.308969,7,3,zegarek,beler,zegarek-beler,69,2,last
1004,ortho,correct,1,1435.374901,7,3,papryka,nanoch,papryka-nanoch,70,2,last
1004,image,correct,1,1437.934822,7,3,torba,honisa,torba-honisa,71,2,last
1004,image,correct,1,1440.307452,7,3,jajko,obir,jajko-obir,72,2,last
1004,image,correct,1,1442.657982,7,3,lalka,josta,lalka-josta,73,2,last
1004,image,correct,1,1444.803317,7,3,lotnisko,nuketo,lotnisko-nuketo,74,2,last
1004,ortho,correct,1,1447.132411,7,3,gazeta,fena,gazeta-fena,75,2,last
1004,ortho,correct,1,1449.808281,7,3,ziemniak,rocepra,ziemniak-rocepra,76,2,last
1004,ortho,correct,1,1452.418274,7,3,indyk,deba,indyk-deba,77,2,last
1004,ortho,correct,1,1454.738985,7,3,butelka,uwa,butelka-uwa,78,2,last
1004,ortho,correct,1,1457.274191,7,3,samolot,techar,samolot-techar,79,2,last
1004,ortho,correct,1,1460.723689,7,3,oko,tanek,oko-tanek,80,2,last
1004,image,correct,1,1463.875719,7,3,dynia,badipret,dynia-badipret,81,2,last
1004,ortho,correct,1,1466.460678,7,3,homar,pekom,homar-pekom,82,2,last
1004,ortho,correct,1,1469.405948,7,3,cytryna,staca,cytryna-staca,83,2,last
1004,ortho,correct,1,1472.056871,7,3,silnik,pakosta,silnik-pakosta,84,2,last
1004,image,correct,1,1475.241559,7,3,kapelusz,ostana,kapelusz-ostana,85,2,last
1004,ortho,correct,1,1478.578886,7,3,osa,sodem,osa-sodem,86,2,last
1004,image,correct,1,1482.398595,7,3,parasol,alo,parasol-alo,87,2,last
1004,image,correct,1,1484.533119,7,3,ucho,debota,ucho-debota,88,2,last
1004,ortho,correct,1,1486.919326,7,3,stopa,seranak,stopa-seranak,89,2,last
1004,ortho,correct,1,1489.858717,7,3,cebula,chepra,cebula-chepra,90,2,last
1004,image,correct,1,1492.475369,7,3,wyspa,ota,wyspa-ota,91,2,last
1004,image,correct,1,1494.93908,7,3,fartuch,abedo,fartuch-abedo,92,2,last
1004,ortho,correct,1,1497.768799,7,3,mewa,lazin,mewa-lazin,93,2,last
1004,image,correct,1,1500.361158,7,3,kolano,izodo,kolano-izodo,94,2,last
1004,image,correct,1,1502.773926,7,3,papuga,abuset,papuga-abuset,95,2,last
1004,ortho,correct,1,1505.403498,7,3,koza,ezaja,koza-ezaja,96,2,last
1004,image,correct,1,1508.283014,7,3,foka,nalet,foka-nalet,97,2,last
1004,ortho,correct,1,1510.416972,7,3,kotwica,lalum,kotwica-lalum,98,2,last
1004,image,correct,1,1513.180067,7,3,winda,wema,winda-wema,99,2,last
1004,ortho,correct,1,1515.430168,7,3,owca,sawiko,owca-sawiko,100,2,last
1004,ortho,correct,1,1518.195504,7,3,skarpetka,prelata,skarpetka-prelata,101,2,last
1004,image,correct,1,1521.312266,7,3,kaczka,stotewal,kaczka-stotewal,102,2,last
1004,image,correct,1,1523.929611,7,3,lustro,tobyla,lustro-tobyla,103,2,last
1004,image,correct,1,1526.49366,7,3,dzwonek,waben,dzwonek-waben,104,2,last
1004,ortho,correct,1,1529.065733,7,3,krawat,rojon,krawat-rojon,105,2,last
1004,image,correct,1,1531.661914,7,3,krowa,nedonim,krowa-nedonim,106,2,last
1004,ortho,correct,1,1533.793637,7,3,zegarek,beler,zegarek-beler,107,2,last
1004,ortho,correct,1,1537.885394,7,3,papryka,nanoch,papryka-nanoch,108,2,last
1004,ortho,correct,1,1540.295173,7,3,gazeta,fena,gazeta-fena,109,2,last
1004,ortho,correct,1,1542.968943,7,3,ziemniak,rocepra,ziemniak-rocepra,110,2,last
1004,ortho,correct,1,1545.995812,7,3,indyk,deba,indyk-deba,111,2,last
1004,ortho,correct,1,1548.762728,7,3,butelka,uwa,butelka-uwa,112,2,last
1004,ortho,correct,1,1551.302394,7,3,samolot,techar,samolot-techar,113,2,last
1004,image,correct,1,1555.077542,7,3,ryba,lakob,ryba-lakob,114,2,last
1004,image,correct,1,1557.296747,7,3,palec,owiza,palec-owiza,115,2,last
1004,ortho,correct,1,1559.869903,7,3,oko,tanek,oko-tanek,116,2,last
1004,image,correct,1,1562.674067,7,3,torba,honisa,torba-honisa,117,2,last
1004,image,correct,1,1565.327068,7,3,jajko,obir,jajko-obir,118,2,last
1004,image,correct,1,1567.558323,7,3,lalka,josta,lalka-josta,119,2,last
1004,image,correct,1,1570.101528,7,3,lotnisko,nuketo,lotnisko-nuketo,120,2,last
1015,ortho,correct,1,1442.420306,5,1,mewa,tanek,mewa-tanek,1,1,last
1015,ortho,correct,1,1447.211975,5,1,krawat,lazin,krawat-lazin,2,1,last
1015,image,correct,1,1450.855538,5,1,palec,tobyla,palec-tobyla,3,1,last
1015,ortho,correct,1,1456.007534,5,1,ziemniak,pekom,ziemniak-pekom,4,1,last
1015,ortho,correct,1,1459.374259,5,1,oko,sodem,oko-sodem,5,1,last
1015,image,correct,1,1462.74549,5,1,dynia,abuset,dynia-abuset,6,1,last
1015,image,correct,1,1466.132555,5,1,lalka,abedo,lalka-abedo,7,1,last
1015,image,correct,1,1468.629916,5,1,papuga,wema,papuga-wema,8,1,last
1015,ortho,correct,1,1471.279654,5,1,samolot,pakosta,samolot-pakosta,9,1,last
1015,ortho,correct,1,1475.323181,5,1,cytryna,beler,cytryna-beler,10,1,last
1015,ortho,correct,1,1478.378661,5,1,stopa,uwa,stopa-uwa,11,1,last
1015,ortho,correct,1,1481.798819,5,1,butelka,chepra,butelka-chepra,12,1,last
1015,image,correct,1,1485.021501,5,1,dzwonek,josta,dzwonek-josta,13,1,last
1015,ortho,correct,1,1488.190803,5,1,kotwica,ezaja,kotwica-ezaja,14,1,last
1015,image,correct,1,1494.868571,5,1,wyspa,owiza,wyspa-owiza,15,1,last
1015,image,correct,1,1497.787209,5,1,torba,lakob,torba-lakob,16,1,last
1015,ortho,correct,1,1503.094179,5,1,zegarek,fena,zegarek-fena,17,1,last
1015,image,correct,1,1505.869635,5,1,krowa,nuketo,krowa-nuketo,18,1,last
1015,image,correct,1,1508.833549,5,1,foka,nedonim,foka-nedonim,19,1,last
1015,image,correct,1,1512.099517,5,1,kaczka,obir,kaczka-obir,20,1,last
1015,ortho,correct,1,1514.829294,5,1,silnik,prelata,silnik-prelata,21,1,last
1015,ortho,correct,1,1517.464918,5,1,skarpetka,seranak,skarpetka-seranak,22,1,last
1015,image,correct,1,1522.684998,5,1,kolano,ostana,kolano-ostana,23,1,last
1015,ortho,correct,1,1526.762576,5,1,papryka,lalum,papryka-lalum,24,1,last
1015,ortho,correct,1,1529.511176,5,1,osa,sawiko,osa-sawiko,25,1,last
1015,ortho,correct,1,1532.54274,5,1,cebula,staca,cebula-staca,26,1,last
1015,ortho,correct,1,1536.23917,5,1,homar,deba,homar-deba,27,1,last
1015,image,correct,1,1542.481956,5,1,lustro,waben,lustro-waben,28,1,last
1015,image,correct,1,1545.63511,5,1,winda,debota,winda-debota,29,1,last
1015,image,correct,1,1548.63309,5,1,jajko,nalet,jajko-nalet,30,1,last
1015,ortho,correct,1,1552.282007,5,1,owca,techar,owca-techar,31,1,last
1015,image,correct,1,1556.510995,5,1,ryba,alo,ryba-alo,32,1,last
1015,image,correct,1,1559.221634,5,1,lotnisko,badipret,lotnisko-badipret,33,1,last
1015,image,correct,1,1562.266641,5,1,parasol,ota,parasol-ota,34,1,last
1015,ortho,correct,1,1565.849975,5,1,gazeta,rocepra,gazeta-rocepra,35,1,last
1015,image,correct,1,1568.635448,5,1,fartuch,izodo,fartuch-izodo,36,1,last
1015,ortho,correct,1,1571.374993,5,1,koza,rojon,koza-rojon,37,1,last
1015,image,correct,1,1575.928581,5,1,kapelusz,stotewal,kapelusz-stotewal,38,1,last
1015,ortho,correct,1,1579.06002,5,1,indyk,nanoch,indyk-nanoch,39,1,last
1015,image,correct,1,1582.59523,5,1,ucho,honisa,ucho-honisa,40,1,last
